juego;version;esCdKey;tipoCuentaKey;compraArs;precioPlataformaArs;ventaTransferArs;gananciaArs;ventaCuotasArs;linkCompra;linkSteam;tienda;regionDetectada;verificado;nombreListado;actualizado;listadoCoherente;alternativas;precioKinguin;precioEneba;precioDriffle;precioLoaded;linkKinguin;linkEneba;linkDriffle;linkLoaded
"007 First Light";"Deluxe Edition - Cuenta Steam";"NO";"Cuenta Steam";"60395";"85698";"75395";"15000";"108569";"https://www.kinguin.net/es/category/535348/007-first-light-deluxe-edition-pc-steam-account";"https://store.steampowered.com/app/3768760/007_First_Light/";"kinguin";"cuenta";"SI";"007 First Light Deluxe Edition PC Steam Account";"2026-10-03T03:23:10.621Z";"SI";"kinguin:60395 | driffle:64082";"60395";"";"64082";"";"https://www.kinguin.net/es/category/535348/007-first-light-deluxe-edition-pc-steam-account";"";"https://driffle.com/es/007-first-light-deluxe-edition-global-pc-steam-account-p9995859";""
"007 First Light";"Edición Deluxe - CD Key LATAM (Steam)";"SI";"CD Key Steam";"92169";"85698";"107169";"15000";"154323";"https://www.eneba.com/latam/steam-007-first-light-deluxe-edition-steam-key-pc-latam";"https://store.steampowered.com/app/3768760/007_First_Light/";"eneba";"AR/LATAM";"SI";"007 First Light Deluxe Edition Steam Key (PC) LATAM";"2026-10-03T03:23:01.024Z";"SI";"eneba:92169 | driffle:92492 | kinguin:98023";"98023";"92169";"92492";"";"https://www.kinguin.net/es/category/537471/007-first-light-deluxe-edition-latam-pc-steam-cd-key";"https://www.eneba.com/latam/steam-007-first-light-deluxe-edition-steam-key-pc-latam";"https://driffle.com/es/007-first-light-deluxe-edition-latam-pc-steam-digital-key-p9995852";"https://www.loaded.com/es_es/007-first-light-deluxe-edition-pc-steam"
"A way out";"Edicion estandar - Cuenta Steam";"NO";"Cuenta Steam";"5918";"55883";"30162";"24244";"43433";"https://driffle.com/es/a-way-out-global-pc-steam-account-p9941450";"https://store.steampowered.com/app/1222700/A_Way_Out/?l=spanish";"driffle";"global";"SI";"A Way Out (Global) (PC) - Steam Account";"2026-10-03T03:23:20.665Z";"SI";"driffle:5918 | kinguin:6840";"6840";"";"5918";"";"https://www.kinguin.net/es/category/163457/a-way-out-steam-account";"";"https://driffle.com/es/a-way-out-global-pc-steam-account-p9941450";""
"ARC Raiders";"Deluxe Edition - Cuenta Steam";"NO";"Cuenta Steam";"43691";"111785";"67072";"23381";"96584";"https://www.kinguin.net/es/category/391314/arc-raiders-deluxe-edition-pc-steam-account";"https://store.steampowered.com/app/1808500/ARC_Raiders/";"kinguin";"cuenta";"SI";"ARC Raiders: Deluxe Edition PC Steam Account";"2026-10-03T03:27:41.608Z";"SI";"kinguin:43691";"43691";"";"";"";"https://www.kinguin.net/es/category/391314/arc-raiders-deluxe-edition-pc-steam-account";"";"";""
"ARC Raiders";"Edición Deluxe - CD Key LATAM (Steam)";"SI";"CD Key Steam";"56886";"111785";"79058";"22172";"113844";"https://driffle.com/es/arc-raiders-deluxe-edition-global-pc-steam-digital-key-p9969559";"https://store.steampowered.com/app/1808500/ARC_Raiders/";"driffle";"global";"SI";"ARC Raiders - Deluxe Edition (Global) (PC) - Steam - Digital Key";"2026-10-03T03:27:37.252Z";"SI";"driffle:56886 | eneba:59845";"";"59845";"56886";"";"https://www.kinguin.net/es/category/408331/arc-raiders-deluxe-edition-pc-steam-cd-key";"https://www.eneba.com/latam/steam-arc-raiders-deluxe-edition-steam-key-pc-global";"https://driffle.com/es/arc-raiders-deluxe-edition-global-pc-steam-digital-key-p9969559";"https://www.loaded.com/es_es/arc-raiders-deluxe-edition-pc-steam"
"ARC Raiders";"Edicion estandar - CD Key LATAM (Steam)";"SI";"CD Key Steam";"39487";"74517";"55328";"15841";"79672";"https://www.eneba.com/latam/steam-arc-raiders-steam-key-pc-global";"https://store.steampowered.com/app/1808500/ARC_Raiders/";"eneba";"global";"SI";"ARC Raiders Steam Código de (PC) GLOBAL";"2026-10-03T03:25:26.685Z";"SI";"driffle:39617 | eneba:39487";"";"39487";"39617";"";"https://www.kinguin.net/es/category/391296/arc-raiders-pc-steam-cd-key";"https://www.eneba.com/latam/steam-arc-raiders-steam-key-pc-global";"https://driffle.com/es/arc-raiders-global-pc-steam-digital-key-p9938981";"https://www.loaded.com/es_es/arc-raiders-pc-steam"
"ARC Raiders";"Edicion estandar - Cuenta Steam";"NO";"Cuenta Steam";"27440";"74517";"46038";"18598";"66295";"https://www.kinguin.net/es/category/391303/arc-raiders-pc-steam-account";"https://store.steampowered.com/app/1808500/ARC_Raiders/";"kinguin";"cuenta";"SI";"ARC Raiders PC Steam Account";"2026-10-03T03:25:31.578Z";"SI";"kinguin:27440";"27440";"";"";"";"https://www.kinguin.net/es/category/391303/arc-raiders-pc-steam-account";"";"";""
"ARK: Survival Ascended";"Edicion estandar - CD Key LATAM (Steam)";"SI";"CD Key Steam";"85281";"83834";"100944";"15663";"145359";"https://driffle.com/es/ark-survival-ascended-pc-steam-digital-code-p9888561";"https://store.steampowered.com/app/2399830/ARK_Survival_Ascended/";"driffle";"global";"SI";"ARK Survival Ascended (Global) (PC) - Steam - Digital Key";"2026-10-03T03:27:55.234Z";"SI";"driffle:85281 | eneba:87609";"";"87609";"85281";"";"https://www.kinguin.net/es/category/193795/ark-survival-ascended-steam-cd-key";"https://www.eneba.com/latam/steam-ark-survival-ascended-pc-steam-key-global";"https://driffle.com/es/ark-survival-ascended-pc-steam-digital-code-p9888561";""
"ARK: Survival Ascended";"Edicion estandar - Cuenta Steam";"NO";"Cuenta Steam";"12419";"83834";"39419";"27000";"56763";"https://www.kinguin.net/es/category/193815/ark-survival-ascended-steam-account";"https://store.steampowered.com/app/2399830/ARK_Survival_Ascended/";"kinguin";"global";"SI";"ARK: Survival Ascended Steam Account";"2026-10-03T03:28:04.844Z";"SI";"kinguin:12419 | driffle:12871";"12419";"";"12871";"";"https://www.kinguin.net/es/category/193815/ark-survival-ascended-steam-account";"";"https://driffle.com/es/ark-survival-ascended-global-pc-steam-account-p9945608";""
"Assassin's Creed Mirage";"Edicion estandar - Cuenta Steam";"NO";"Cuenta Steam";"15216";"74517";"41148";"25932";"59253";"https://driffle.com/es/assassins-creed-mirage-global-pc-steam-account-p9972488";"https://store.steampowered.com/app/3035570/Assassins_Creed_Mirage/";"driffle";"AR/LATAM";"SI";"Assassin's Creed Mirage (Global) (PC) - Steam Account";"2026-10-03T03:28:13.565Z";"SI";"driffle:15216";"";"";"15216";"";"https://www.kinguin.net/es/category/280875/assassin-s-creed-mirage-pc-steam-account";"";"https://driffle.com/es/assassins-creed-mirage-global-pc-steam-account-p9972488";""
"Assassin's Creed Shadows";"Deluxe Edition - Cuenta Steam";"NO";"Cuenta Steam";"47039";"134146";"74039";"27000";"106616";"https://www.kinguin.net/es/category/305807/assassins-creed-shadows-deluxe-edition-pc-steam-account";"https://store.steampowered.com/app/3159330/Assassins_Creed_Shadows/";"kinguin";"global";"SI";"Assassin’s Creed Shadows Deluxe Edition PC Steam Account";"2026-10-03T03:32:37.226Z";"SI";"kinguin:47039";"47039";"";"";"";"https://www.kinguin.net/es/category/305807/assassins-creed-shadows-deluxe-edition-pc-steam-account";"";"";""
"Assassin's Creed Shadows";"Edicion estandar - Cuenta Steam";"NO";"Cuenta Steam";"31677";"104332";"58677";"27000";"84495";"https://driffle.com/es/assassins-creed-shadows-global-pc-steam-account-p9979431";"https://store.steampowered.com/app/3159330/Assassins_Creed_Shadows/";"driffle";"global";"SI";"Assassin's Creed Shadows (Global) (PC) - Steam Account";"2026-10-03T03:30:31.896Z";"SI";"driffle:31677 | kinguin:36447";"36447";"";"31677";"";"https://www.kinguin.net/es/category/305769/assassins-creed-shadows-pc-steam-account";"";"https://driffle.com/es/assassins-creed-shadows-global-pc-steam-account-p9979431";""
"Baldur's Gate 3";"Edicion estandar - Cuenta Steam";"NO";"Cuenta Steam";"23463";"65200";"40813";"17350";"58771";"https://driffle.com/es/baldurs-gate-3-global-pc-mac-steam-account-p9945610";"https://store.steampowered.com/app/1086940/Baldurs_Gate_3/";"driffle";"global";"SI";"Baldur's Gate 3 (Global) (PC / Mac) - Steam Account";"2026-10-03T03:32:55.910Z";"SI";"driffle:23463";"";"";"23463";"";"https://www.kinguin.net/es/category/137430/baldur-s-gate-3-pc-steam-account";"";"https://driffle.com/es/baldurs-gate-3-global-pc-mac-steam-account-p9945610";""
"Battlefield 6";"Edicion estandar - CD Key LATAM (Steam)";"SI";"CD Key Steam";"72830";"130419";"93820";"20990";"135101";"https://driffle.com/es/battlefield-6-global-pc-ea-play-digital-key-p9951111";"https://store.steampowered.com/app/2807960/Battlefield_6/";"driffle";"AR/LATAM";"SI";"Battlefield 6 (Global) (PC) - EA Play - Digital Key";"2026-10-03T03:35:01.948Z";"SI";"driffle:72830";"";"";"72830";"";"https://www.kinguin.net/es/category/371746/battlefield-6-pc-steam-cd-key";"https://www.eneba.com/latam/ea-app-battlefield-6-ea-app-pc-key-global";"https://driffle.com/es/battlefield-6-global-pc-ea-play-digital-key-p9951111";"https://www.loaded.com/es_es/battlefield-6-pc-eaapp"
"Battlefield 6";"Edicion estandar - Cuenta Steam";"NO";"Cuenta Steam";"29252";"130419";"56252";"27000";"81003";"https://driffle.com/es/battlefield-6-global-pc-steam-account-p9952012";"https://store.steampowered.com/app/2807960/Battlefield_6/";"driffle";"AR/LATAM";"SI";"Battlefield 6 (Global) (PC) - Steam Account";"2026-10-03T03:35:10.657Z";"SI";"driffle:29252 | kinguin:29769";"29769";"";"29252";"";"https://www.kinguin.net/es/category/371748/battlefield-6-pc-steam-account";"";"https://driffle.com/es/battlefield-6-global-pc-steam-account-p9952012";""
"Battlefield 6";"Phantom Edition - CD Key LATAM (Steam)";"SI";"CD Key Steam";"110393";"186321";"134130";"23737";"193147";"https://driffle.com/es/battlefield-6-phantom-edition-global-pc-ea-play-digital-key-p9967536";"https://store.steampowered.com/app/2807960/Battlefield_6/";"driffle";"AR/LATAM";"SI";"Battlefield 6 Phantom Edition (Global) (PC) - EA Play - Digital Key";"2026-10-03T03:37:16.126Z";"SI";"driffle:110393";"";"";"110393";"";"https://www.kinguin.net/es/category/371753/battlefield-6-phantom-edition-pc-steam-cd-key";"https://www.eneba.com/latam/ea-app-battlefield-6-phantom-edition-ea-app-key-pc-global";"https://driffle.com/es/battlefield-6-phantom-edition-global-pc-ea-play-digital-key-p9967536";"https://www.loaded.com/es_es/battlefield-6-phantom-edition-pc-eaapp"
"Battlefield 6";"Phantom Edition - Cuenta Steam";"NO";"Cuenta Steam";"66620";"186321";"93620";"27000";"134813";"https://www.kinguin.net/es/category/371752/battlefield-6-phantom-edition-pc-steam-account";"https://store.steampowered.com/app/2807960/Battlefield_6/";"kinguin";"cuenta";"SI";"Battlefield 6 Phantom Edition PC Steam Account";"2026-10-03T03:37:25.223Z";"SI";"kinguin:66620 | driffle:72765";"66620";"";"72765";"";"https://www.kinguin.net/es/category/371752/battlefield-6-phantom-edition-pc-steam-account";"";"https://driffle.com/es/battlefield-6-phantom-edition-global-pc-steam-account-p9952026";""
"Black Myth: Wukong";"Deluxe Edition - Cuenta Steam";"NO";"Cuenta Steam";"82532";"130419";"97532";"15000";"140446";"https://www.kinguin.net/es/category/244179/black-myth-wukong-deluxe-edition-pc-steam-account";"https://store.steampowered.com/app/2358720/Black_Myth_Wukong/";"kinguin";"cuenta";"SI";"Black Myth: Wukong Deluxe Edition PC Steam Account";"2026-10-03T03:41:53.721Z";"SI";"kinguin:82532";"82532";"";"";"";"https://www.kinguin.net/es/category/244179/black-myth-wukong-deluxe-edition-pc-steam-account";"";"https://driffle.com/black-myth-wukong-digital-deluxe-edition-global-pc-steam-account-p9971417";""
"Black Myth: Wukong";"Edicion estandar - CD Key LATAM (Steam)";"SI";"CD Key Steam";"52455";"111785";"80364";"27909";"115724";"https://driffle.com/es/black-myth-wukong-latam-pc-steam-digital-key-p9916395";"https://store.steampowered.com/app/2358720/Black_Myth_Wukong/";"driffle";"AR/LATAM";"SI";"Black Myth Wukong (LATAM) (PC) - Steam - Digital Key";"2026-10-03T03:39:30.166Z";"SI";"driffle:52455 | eneba:58778";"";"58778";"52455";"";"https://www.kinguin.net/es/category/263403/black-myth-wukong-pc-steam-cd-key";"https://www.eneba.com/latam/steam-black-myth-wukong-pc-steam-key-global";"https://driffle.com/es/black-myth-wukong-latam-pc-steam-digital-key-p9916395";"https://www.loaded.com/es_es/black-myth-wukong-pc-steam"
"Black Myth: Wukong";"Edicion estandar - Cuenta Steam";"NO";"Cuenta Steam";"35833";"111785";"62833";"27000";"90480";"https://driffle.com/black-myth-wukong-global-pc-steam-account-p9952239";"https://store.steampowered.com/app/2358720/Black_Myth_Wukong/";"driffle";"global";"SI";"Black Myth Wukong (Global) (PC) - Steam Account";"2026-10-03T03:39:38.945Z";"SI";"driffle:35833 | kinguin:42737";"42737";"";"35833";"";"https://www.kinguin.net/es/category/243305/black-myth-wukong-pc-steam-account";"";"https://driffle.com/black-myth-wukong-global-pc-steam-account-p9952239";""
"Borderlands 4";"Deluxe Edition - Cuenta Steam";"NO";"Cuenta Steam";"61559";"186321";"88559";"27000";"127525";"https://www.kinguin.net/es/category/352522/borderlands-4-deluxe-edition-pc-steam-account";"https://store.steampowered.com/app/1285190/Borderlands_4/";"kinguin";"global";"SI";"Borderlands 4 Deluxe Edition PC Steam Account";"2026-10-03T03:44:22.683Z";"SI";"kinguin:61559";"61559";"";"";"";"https://www.kinguin.net/es/category/352522/borderlands-4-deluxe-edition-pc-steam-account";"";"";""
"Borderlands 4";"Deluxe Edition - Cuenta Steam";"NO";"Cuenta Steam";"82855";"186321";"109855";"27000";"158191";"https://www.kinguin.net/es/category/352529/borderlands-4-super-deluxe-edition-pc-steam-account";"https://store.steampowered.com/app/1285190/Borderlands_4/";"kinguin";"global";"SI";"Borderlands 4 Super Deluxe Edition PC Steam Account";"2026-10-03T03:44:41.474Z";"SI";"kinguin:82855";"82855";"";"";"";"https://www.kinguin.net/es/category/352529/borderlands-4-super-deluxe-edition-pc-steam-account";"";"";""
"Borderlands 4";"Edición Deluxe - CD Key LATAM (Steam)";"SI";"CD Key Steam";"98281";"186321";"125281";"27000";"180405";"https://driffle.com/es/borderlands-4-deluxe-edition-global-pc-steam-digital-key-p9941167";"https://store.steampowered.com/app/1285190/Borderlands_4/";"driffle";"global";"SI";"Borderlands 4 Deluxe Edition (Global) (PC) - Steam - Digital Key";"2026-10-03T03:44:17.746Z";"SI";"driffle:98281 | kinguin:102857 | eneba:98686";"102857";"98686";"98281";"";"https://www.kinguin.net/es/category/377653/borderlands-4-deluxe-edition-pc-steam-cd-key";"https://www.eneba.com/latam/steam-borderlands-4-deluxe-edition-steam-key-pc-global";"https://driffle.com/es/borderlands-4-deluxe-edition-global-pc-steam-digital-key-p9941167";""
"Borderlands 4";"Edicion estandar - CD Key LATAM (Steam)";"SI";"CD Key Steam";"53021";"130419";"84519";"31498";"121707";"https://www.eneba.com/latam/steam-borderlands-4-steam-key-pc-global";"https://store.steampowered.com/app/1285190/Borderlands_4/";"eneba";"global";"SI";"Borderlands 4 Código de Steam (PC) GLOBAL";"2026-10-03T03:43:59.448Z";"SI";"driffle:55156 | kinguin:58002 | eneba:53021";"58002";"53021";"55156";"";"https://www.kinguin.net/es/category/373366/borderlands-4-pc-steam-cd-key";"https://www.eneba.com/latam/steam-borderlands-4-steam-key-pc-global";"https://driffle.com/es/borderlands-4-global-pc-steam-digital-key-p9926887";"https://www.loaded.com/es_es/borderlands-4-pc-steam"
"Borderlands 4";"Edicion estandar - Cuenta Steam";"NO";"Cuenta Steam";"32324";"130419";"59324";"27000";"85427";"https://www.kinguin.net/es/category/352519/borderlands-4-pc-steam-account";"https://store.steampowered.com/app/1285190/Borderlands_4/";"kinguin";"cuenta";"SI";"Borderlands 4 PC Steam Account";"2026-10-03T03:44:04.168Z";"SI";"kinguin:32324";"32324";"";"";"";"https://www.kinguin.net/es/category/352519/borderlands-4-pc-steam-account";"";"";""
"Borderlands 4";"Edición Super Deluxe - CD Key LATAM (Steam)";"SI";"CD Key Steam";"103423";"242223";"130423";"27000";"187809";"https://driffle.com/es/borderlands-4-super-deluxe-edition-global-pc-steam-digital-key-p9941170";"https://store.steampowered.com/app/1285190/Borderlands_4/";"driffle";"global";"SI";"Borderlands 4 Super Deluxe Edition (Global) (PC) - Steam - Digital Key";"2026-10-03T03:44:36.328Z";"SI";"driffle:103423 | kinguin:113966 | eneba:106302";"113966";"106302";"103423";"";"https://www.kinguin.net/es/category/364798/borderlands-4-super-deluxe-edition-pc-steam-cd-key";"https://www.eneba.com/latam/steam-borderlands-4-super-deluxe-edition-steam-key-pc-global";"https://driffle.com/es/borderlands-4-super-deluxe-edition-global-pc-steam-digital-key-p9941170";""
"Call of Duty: Black Ops 7";"Edicion estandar - Cuenta Steam";"NO";"Cuenta Steam";"37644";"130419";"64644";"27000";"93087";"https://www.kinguin.net/es/category/378747/call-of-duty-black-ops-7-pc-steam-account";"https://store.steampowered.com/app/3606480/Call_of_Duty_Black_Ops_7/";"kinguin";"cuenta";"SI";"Call of Duty: Black Ops 7 PC Steam Account";"2026-10-03T03:44:50.392Z";"SI";"driffle:39471 | kinguin:37644";"37644";"";"39471";"";"https://www.kinguin.net/es/category/378747/call-of-duty-black-ops-7-pc-steam-account";"";"https://driffle.com/es/call-of-duty-black-ops-7-global-pc-steam-account-p9971582";""
"Call of Duty: Black Ops III";"Zombies Chronicles Edition - Cuenta Steam";"NO";"Cuenta Steam";"18984";"111785";"45984";"27000";"66217";"https://www.kinguin.net/es/category/150106/call-of-duty-black-ops-iii-zombies-chronicles-edition-steam-account";"https://store.steampowered.com/app/311210/Call_of_Duty_Black_Ops_III/";"kinguin";"cuenta";"SI";"Call of Duty: Black Ops III Zombies Chronicles Edition Steam Account";"2026-10-03T03:45:03.825Z";"SI";"driffle:29995 | kinguin:18984";"18984";"";"29995";"";"https://www.kinguin.net/es/category/150106/call-of-duty-black-ops-iii-zombies-chronicles-edition-steam-account";"";"https://driffle.com/es/call-of-duty-black-ops-iii-zombies-chronicles-edition-global-pc-mac-steam-account-p9945601";""
"Clair Obscur: Expedition 33";"Edición Deluxe - CD Key LATAM (Steam)";"SI";"CD Key Steam";"51615";"78244";"66615";"15000";"95926";"https://www.eneba.com/latam/steam-clair-obscur-expedition-33-deluxe-edition-steam-key-pc-latam";"https://store.steampowered.com/app/1903340/Clair_Obscur_Expedition_33/";"eneba";"AR/LATAM";"SI";"Clair Obscur: Expedition 33 Deluxe Edition Código de Steam (PC) LATAM";"2026-10-03T03:49:31.932Z";"SI";"driffle:57565 | kinguin:55609 | eneba:51615";"55609";"51615";"57565";"";"https://www.kinguin.net/es/category/336302/clair-obscur-expedition-33-deluxe-edition-asia-pc-steam-cd-key";"https://www.eneba.com/latam/steam-clair-obscur-expedition-33-deluxe-edition-steam-key-pc-latam";"https://driffle.com/es/clair-obscur-expedition-33-deluxe-edition-latam-pc-steam-digital-key-p9938799";"https://www.loaded.com/es_es/clair-obscur-expedition-33-deluxe-edition-pc-steam"
"Crimson Desert";"Deluxe Edition - Cuenta Steam";"NO";"Cuenta Steam";"65052";"149053";"90151";"25099";"129817";"https://driffle.com/es/crimson-desert-deluxe-edition-global-pc-steam-account-p9963797";"https://store.steampowered.com/app/3321460/Crimson_Desert/";"driffle";"AR/LATAM";"SI";"Crimson Desert Deluxe Edition (Global) (PC / Mac) - Steam Account";"2026-10-03T03:54:12.126Z";"SI";"driffle:65052 | kinguin:71261";"71261";"";"65052";"";"https://www.kinguin.net/es/category/394220/crimson-desert-deluxe-edition-pc-steam-account";"";"https://driffle.com/es/crimson-desert-deluxe-edition-global-pc-steam-account-p9963797";""
"Crimson Desert";"Edición Deluxe - CD Key LATAM (Steam)";"SI";"CD Key Steam";"53248";"149053";"80248";"27000";"115557";"https://driffle.com/es/crimson-desert-deluxe-edition-latam-pc-mac-steam-digital-key-p9987078";"https://store.steampowered.com/app/3321460/Crimson_Desert/";"driffle";"AR/LATAM";"SI";"Crimson Desert Deluxe Edition (LATAM) (PC / Mac) - Steam - Digital Key";"2026-10-03T03:54:01.833Z";"SI";"driffle:53248 | eneba:53490 | kinguin:56805";"56805";"53490";"53248";"";"https://www.kinguin.net/es/category/451627/crimson-desert-deluxe-edition-latam-pc-steam-cd-key";"https://www.eneba.com/latam/steam-crimson-desert-deluxe-edition-steam-key-pc-latam";"https://driffle.com/es/crimson-desert-deluxe-edition-latam-pc-mac-steam-digital-key-p9987078";"https://www.loaded.com/es_es/crimson-desert-deluxe-edition-pc-steam-latam"
"Crimson Desert";"Edicion estandar - CD Key LATAM (Steam)";"SI";"CD Key Steam";"46392";"130419";"81392";"35000";"117204";"https://www.eneba.com/latam/steam-crimson-desert-steam-key-pc-latam";"https://store.steampowered.com/app/3321460/Crimson_Desert/";"eneba";"AR/LATAM";"SI";"Crimson Desert Steam Key (PC) LATAM";"2026-10-03T03:51:47.073Z";"SI";"eneba:46392 | driffle:47702 | kinguin:51873";"51873";"46392";"47702";"";"https://www.kinguin.net/es/category/451625/crimson-desert-latam-pc-steam-cd-key";"https://www.eneba.com/latam/steam-crimson-desert-steam-key-pc-latam";"https://driffle.com/es/crimson-desert-latam-pc-mac-steam-digital-key-p9987077";"https://www.loaded.com/es_es/crimson-desert-pc-steam-latam"
"Crimson Desert";"Edicion estandar - Cuenta Steam";"NO";"Cuenta Steam";"44079";"130419";"71079";"27000";"102354";"https://driffle.com/es/crimson-desert-global-pc-steam-account-p9963796";"https://store.steampowered.com/app/3321460/Crimson_Desert/";"driffle";"AR/LATAM";"SI";"Crimson Desert (Global) (PC / Mac) - Steam Account";"2026-10-03T03:51:56.207Z";"SI";"driffle:44079 | kinguin:50402";"50402";"";"44079";"";"https://www.kinguin.net/es/category/394217/crimson-desert-pc-steam-account";"";"https://driffle.com/es/crimson-desert-global-pc-steam-account-p9963796";""
"Cuphead";"& The Delicious Last Course - CD Key LATAM (Steam)";"SI";"CD Key Steam";"23172";"50293";"42744";"19572";"61551";"https://driffle.com/es/cuphead-the-delicious-last-course-bundle-global-pc-mac-steam-digital-key-p9925316";"https://store.steampowered.com/app/268910/Cuphead/?curator_clanid=4777282";"driffle";"global";"SI";"Cuphead + The Delicious Last Course - Bundle (Global) (PC) - Steam - Digital Key";"2026-10-03T03:54:48.836Z";"SI";"driffle:23172 | eneba:23641";"";"23641";"23172";"";"https://www.kinguin.net/es/category/149808/cuphead-the-delicious-last-course-bundle-steam-cd-key";"https://www.eneba.com/latam/steam-cuphead-the-delicious-last-course-bundle-steam-key-pc-global";"https://driffle.com/es/cuphead-the-delicious-last-course-bundle-global-pc-mac-steam-digital-key-p9925316";""
"Cuphead";"& The Delicious Last Course - Cuenta Steam";"NO";"Cuenta Steam";"19744";"50293";"34744";"15000";"50031";"https://www.kinguin.net/es/category/234698/cuphead-the-delicious-last-course-bundle-steam-account";"https://store.steampowered.com/app/268910/Cuphead/?curator_clanid=4777282";"kinguin";"cuenta";"SI";"Cuphead & The Delicious Last Course Bundle Steam Account";"2026-10-03T03:54:53.802Z";"SI";"kinguin:19744";"19744";"";"";"";"https://www.kinguin.net/es/category/234698/cuphead-the-delicious-last-course-bundle-steam-account";"";"";""
"Cuphead";"Edicion estandar - CD Key LATAM (Steam)";"SI";"CD Key Steam";"15701";"37249";"38815";"23114";"55894";"https://driffle.com/es/cuphead-p9879470";"https://store.steampowered.com/app/268910/Cuphead/?curator_clanid=4777282";"driffle";"AR/LATAM";"SI";"Cuphead (Global) (PC / Mac) - Steam - Digital Key";"2026-10-03T03:54:26.223Z";"SI";"driffle:15701 | eneba:15944";"";"15944";"15701";"";"https://www.kinguin.net/es/category/41472/cuphead-steam-cd-key";"https://www.eneba.com/latam/steam-cuphead-steam-key-global";"https://driffle.com/es/cuphead-p9879470";""
"Cuphead";"Edicion estandar - Cuenta Steam";"NO";"Cuenta Steam";"6387";"37249";"23082";"16695";"33238";"https://driffle.com/es/cuphead-global-pc-mac-steam-account-p9943424";"https://store.steampowered.com/app/268910/Cuphead/?curator_clanid=4777282";"driffle";"AR/LATAM";"SI";"Cuphead (Global) (PC / Mac) - Steam Account";"2026-10-03T03:54:35.297Z";"SI";"driffle:6387 | kinguin:7341";"7341";"";"6387";"";"https://www.kinguin.net/es/category/137553/cuphead-steam-account";"";"https://driffle.com/es/cuphead-global-pc-mac-steam-account-p9943424";""
"Cyberpunk 2077";"Edicion estandar - Cuenta Steam";"NO";"Cuenta Steam";"13939";"83834";"40939";"27000";"58952";"https://driffle.com/es/cyberpunk-2077-global-pc-steam-account-p9943437";"https://store.steampowered.com/app/1091500/Cyberpunk_2077/";"driffle";"global";"SI";"Cyberpunk 2077 (Global) (PC) - Steam Account";"2026-10-03T03:55:03.105Z";"SI";"driffle:13939 | kinguin:14779";"14779";"";"13939";"";"https://www.kinguin.net/es/category/137554/cyberpunk-2077-steam-account";"";"https://driffle.com/es/cyberpunk-2077-global-pc-steam-account-p9943437";""
"Cyberpunk 2077";"Ultimate Edition - Cuenta Steam";"NO";"Cuenta Steam";"33553";"125742";"60553";"27000";"87196";"https://driffle.com/es/cyberpunk-2077-ultimate-edition-global-pc-steam-account-p9941467";"https://store.steampowered.com/app/1091500/Cyberpunk_2077/";"driffle";"global";"SI";"Cyberpunk 2077 Ultimate Edition (Global) (PC) - Steam Account";"2026-10-03T03:55:12.395Z";"SI";"driffle:33553";"";"";"33553";"";"https://www.kinguin.net/es/category/166979/cyberpunk-2077-phantom-liberty-bundle-steam-account";"";"https://driffle.com/es/cyberpunk-2077-ultimate-edition-global-pc-steam-account-p9941467";""
"DayZ";"Cool Edition - Cuenta Steam";"NO";"Cuenta Steam";"49480";"130419";"76480";"27000";"110131";"https://www.kinguin.net/es/category/344471/dayz-cool-edition-pc-steam-account";"https://store.steampowered.com/app/221100/DayZ/";"kinguin";"cuenta";"SI";"DayZ Cool Edition PC Steam Account";"2026-10-03T03:57:12.147Z";"SI";"kinguin:49480";"49480";"";"";"";"https://www.kinguin.net/es/category/344471/dayz-cool-edition-pc-steam-account";"";"";""
"DayZ";"Deluxe Edition - CD Key LATAM (Steam)";"SI";"CD Key Steam";"60136";"111785";"81073";"20937";"116745";"https://www.loaded.com/es_es/dayz-deluxe-edition-pc-steam";"https://store.steampowered.com/app/221100/DayZ/";"loaded";"cuenta";"SI";"DayZ Deluxe Edition PC Key";"2026-10-03T03:56:53.547Z";"SI";"driffle:61980 | eneba:63532 | loaded:60136";"";"63532";"61980";"60136";"https://www.kinguin.net/es/category/246388/dayz-deluxe-edition-pc-steam-cd-key";"https://www.eneba.com/latam/steam-dayz-deluxe-edition-steam-key-pc-latam";"https://driffle.com/es/dayz-deluxe-edition-pc-steam-digital-code-p9909108";"https://www.loaded.com/es_es/dayz-deluxe-edition-pc-steam"
"DayZ";"Deluxe Edition - Cuenta Steam";"NO";"Cuenta Steam";"27360";"111785";"54360";"27000";"78278";"https://www.kinguin.net/es/category/249044/dayz-deluxe-edition-pc-steam-account";"https://store.steampowered.com/app/221100/DayZ/";"kinguin";"cuenta";"SI";"DayZ Deluxe Edition PC Steam Account";"2026-10-03T03:56:58.022Z";"SI";"kinguin:27360";"27360";"";"";"";"https://www.kinguin.net/es/category/249044/dayz-deluxe-edition-pc-steam-account";"";"";""
"DayZ";"Edicion estandar - CD Key LATAM (Steam)";"SI";"CD Key Steam";"27893";"93151";"60555";"32662";"87199";"https://driffle.com/es/dayz-latam-pc-steam-digital-code-p9887060";"https://store.steampowered.com/app/221100/DayZ/";"driffle";"AR/LATAM";"SI";"DayZ (LATAM) (PC) - Steam - Digital Key";"2026-10-03T03:55:26.628Z";"SI";"driffle:27893 | eneba:28492 | kinguin:28783";"28783";"28492";"27893";"";"https://www.kinguin.net/es/category/170955/dayz-latam-pc-steam-cd-key";"https://www.eneba.com/latam/steam-dayz-pc-steam-key-latam";"https://driffle.com/es/dayz-latam-pc-steam-digital-code-p9887060";""
"DayZ";"Edicion estandar - Cuenta Steam";"NO";"Cuenta Steam";"21134";"93151";"48134";"27000";"69313";"https://www.kinguin.net/es/category/133282/dayz-pc-steam-account";"https://store.steampowered.com/app/221100/DayZ/";"kinguin";"cuenta";"SI";"DayZ PC Steam Account";"2026-10-03T03:55:36.070Z";"SI";"kinguin:21134 | driffle:21490";"21134";"";"21490";"";"https://www.kinguin.net/es/category/133282/dayz-pc-steam-account";"";"https://driffle.com/es/dayz-global-pc-steam-account-p9941452";""
"Dead by Daylight";"Edicion estandar - Cuenta Steam";"NO";"Cuenta Steam";"6905";"27932";"21905";"15000";"31543";"https://www.kinguin.net/es/category/158643/dead-by-daylight-steam-account";"https://store.steampowered.com/app/381210/Dead_by_Daylight/?curator_clanid=4777282";"kinguin";"cuenta";"SI";"Dead by Daylight Steam Account";"2026-10-03T03:57:30.956Z";"SI";"kinguin:6905 | driffle:7082";"6905";"";"7082";"";"https://www.kinguin.net/es/category/158643/dead-by-daylight-steam-account";"";"https://driffle.com/es/dead-by-daylight-global-pc-steam-account-p9943429";""
"Dead by Daylight";"Gold Edition - Cuenta Steam";"NO";"Cuenta Steam";"43869";"97810";"61694";"17825";"88839";"https://www.kinguin.net/es/category/350413/dead-by-daylight-gold-edition-pc-steam-account";"https://store.steampowered.com/app/381210/Dead_by_Daylight/?curator_clanid=4777282";"kinguin";"global";"SI";"Dead by Daylight Gold Edition PC Steam Account";"2026-10-03T03:57:35.648Z";"SI";"kinguin:43869";"43869";"";"";"";"https://www.kinguin.net/es/category/350413/dead-by-daylight-gold-edition-pc-steam-account";"";"";""
"Death Stranding 2: On the Beach";"Edicion estandar - CD Key LATAM (Steam)";"SI";"CD Key Steam";"83777";"130419";"118430";"34653";"170539";"https://www.kinguin.net/es/category/452496/death-stranding-2-on-the-beach-latam-pc-steam-cd-key";"https://store.steampowered.com/app/3280350/DEATH_STRANDING_2_ON_THE_BEACH/";"kinguin";"AR/LATAM";"SI";"Death Stranding 2: On the Beach LATAM PC Steam CD Key";"2026-10-03T03:57:49.915Z";"SI";"kinguin:83777 | eneba:88595 | driffle:107304";"83777";"88595";"107304";"";"https://www.kinguin.net/es/category/452496/death-stranding-2-on-the-beach-latam-pc-steam-cd-key";"https://www.eneba.com/latam/steam-death-stranding-2-on-the-beach-steam-key-pc-global";"https://driffle.com/es/death-stranding-2-on-the-beach-latam-pc-steam-digital-key-p9985579";""
"Death Stranding 2: On the Beach";"Edicion estandar - Cuenta Steam";"NO";"Cuenta Steam";"62206";"130419";"81746";"19540";"117714";"https://driffle.com/es/death-stranding-2-on-the-beach-global-pc-steam-account-p9986853";"https://store.steampowered.com/app/3280350/DEATH_STRANDING_2_ON_THE_BEACH/";"driffle";"AR/LATAM";"SI";"DEATH STRANDING 2 - ON THE BEACH (Global) (PC) - Steam Account";"2026-10-03T03:57:54.619Z";"SI";"driffle:62206";"";"";"62206";"";"";"";"https://driffle.com/es/death-stranding-2-on-the-beach-global-pc-steam-account-p9986853";""
"Detroit: Become Human";"Edicion estandar - CD Key LATAM (Steam)";"SI";"CD Key Steam";"9605";"59610";"39091";"29486";"56291";"https://driffle.com/es/detroit-become-human-latam-pc-steam-digital-code-p9902916";"https://store.steampowered.com/app/1222140/Detroit_Become_Human/?curator_clanid=4777282";"driffle";"AR/LATAM";"SI";"Detroit Become Human (LATAM) (PC) - Steam - Digital Key";"2026-10-03T04:01:33.013Z";"SI";"driffle:9605 | eneba:9993";"";"9993";"9605";"";"https://www.kinguin.net/es/category/78715/detroit-become-human-pc-steam-cd-key";"https://www.eneba.com/latam/steam-detroit-become-human-steam-key-latam";"https://driffle.com/es/detroit-become-human-latam-pc-steam-digital-code-p9902916";"https://www.loaded.com/es_es/detroit-become-human-pc-steam"
"Detroit: Become Human";"Edicion estandar - Cuenta Steam";"NO";"Cuenta Steam";"4608";"59610";"31091";"26483";"44771";"https://driffle.com/es/detroit-become-human-global-pc-steam-account-p9943441";"https://store.steampowered.com/app/1222140/Detroit_Become_Human/?curator_clanid=4777282";"driffle";"AR/LATAM";"SI";"Detroit Become Human (Global) (PC) - Steam Account";"2026-10-03T04:01:42.615Z";"SI";"driffle:4608 | kinguin:4980";"4980";"";"4608";"";"https://www.kinguin.net/es/category/152425/detroit-become-human-steam-account";"";"https://driffle.com/es/detroit-become-human-global-pc-steam-account-p9943441";""
"Diablo IV";"Age of Hatred Collection - Cuenta Steam";"NO";"Cuenta Steam";"73719";"130419";"88719";"15000";"127755";"https://driffle.com/es/diablo-iv-age-of-hatred-collection-global-pc-steam-account-p9977572";"https://store.steampowered.com/app/2344520/Diablo_IV/";"driffle";"AR/LATAM";"SI";"Diablo IV - Age of Hatred Collection (Global) (PC) - Steam Account";"2026-10-03T03:58:36.565Z";"SI";"driffle:73719 | kinguin:83825";"83825";"";"73719";"";"https://www.kinguin.net/es/category/427893/diablo-iv-age-of-hatred-collection-pc-steam-account";"";"https://driffle.com/es/diablo-iv-age-of-hatred-collection-global-pc-steam-account-p9977572";""
"Diablo IV";"Edicion estandar - Cuenta Steam";"NO";"Cuenta Steam";"17367";"93151";"44367";"27000";"63888";"https://driffle.com/es/diablo-iv-global-pc-steam-account-p9979483";"https://store.steampowered.com/app/2344520/Diablo_IV/";"driffle";"AR/LATAM";"SI";"Diablo IV (Global) (PC) - Steam Account";"2026-10-03T03:58:27.005Z";"SI";"driffle:17367 | kinguin:22784";"22784";"";"17367";"";"https://www.kinguin.net/es/category/191664/diablo-iv-steam-account";"";"https://driffle.com/es/diablo-iv-global-pc-steam-account-p9979483";""
"Dispatch";"Edicion estandar - Cuenta Steam";"NO";"Cuenta Steam";"6500";"27932";"21500";"15000";"30960";"https://driffle.com/es/dispatch-global-pc-steam-account-p9969733";"https://store.steampowered.com/app/2592160/Dispatch/?curator_clanid=4777282";"driffle";"global";"SI";"Dispatch (Global) (PC) - Steam Account";"2026-10-03T04:01:52.548Z";"SI";"driffle:6500 | kinguin:12596";"12596";"";"6500";"";"https://www.kinguin.net/es/category/403168/dispatch-pc-steam-account";"";"https://driffle.com/es/dispatch-global-pc-steam-account-p9969733";""
"DRAGON BALL: Sparking! ZERO";"Edicion estandar - CD Key LATAM (Steam)";"SI";"CD Key Steam";"45373";"74517";"62770";"17397";"90389";"https://www.eneba.com/latam/steam-dragon-ball-sparking-zero-pc-steam-key-latam";"https://store.steampowered.com/app/1790600/DRAGON_BALL_Sparking_ZERO/";"eneba";"AR/LATAM";"SI";"DRAGON BALL: Sparking! ZERO (PC) Código de Steam LATAM";"2026-10-03T03:58:46.168Z";"SI";"kinguin:51501 | eneba:45373";"51501";"45373";"";"";"https://www.kinguin.net/es/category/276484/dragon-ball-sparking-zero-latam-pc-steam-cd-key";"https://www.eneba.com/latam/steam-dragon-ball-sparking-zero-pc-steam-key-latam";"";""
"DRAGON BALL: Sparking! ZERO";"Edicion estandar - Cuenta Steam";"NO";"Cuenta Steam";"30497";"74517";"47260";"16763";"68054";"https://driffle.com/es/dragon-ball-sparking-zero-global-pc-steam-account-p9971483";"https://store.steampowered.com/app/1790600/DRAGON_BALL_Sparking_ZERO/";"driffle";"AR/LATAM";"SI";"DRAGON BALL Sparking! ZERO (Global) (PC) - Steam Account";"2026-10-03T03:58:55.007Z";"SI";"driffle:30497 | kinguin:35057";"35057";"";"30497";"";"https://www.kinguin.net/es/category/267255/dragon-ball-sparking-zero-pc-steam-account";"";"https://driffle.com/es/dragon-ball-sparking-zero-global-pc-steam-account-p9971483";""
"Dying Light: The Beast";"Deluxe Edition - CD Key LATAM (Steam)";"SI";"CD Key Steam";"43125";"96878";"68103";"24978";"98068";"https://driffle.com/es/dying-light-the-beast-deluxe-edition-global-pc-steam-digital-key-p9958591";"https://store.steampowered.com/app/3008130/Dying_Light_The_Beast/";"driffle";"AR/LATAM";"SI";"Dying Light The Beast Deluxe Edition (Global) (PC) - Steam - Digital Key";"2026-10-03T04:06:20.647Z";"SI";"driffle:43125 | eneba:43788";"";"43788";"43125";"";"https://www.kinguin.net/es/category/389374/dying-light-the-beast-deluxe-edition-pc-steam-cd-key";"https://www.eneba.com/latam/steam-dying-light-the-beast-deluxe-edition-steam-pc-key-global";"https://driffle.com/es/dying-light-the-beast-deluxe-edition-global-pc-steam-digital-key-p9958591";"https://www.loaded.com/es_es/dying-light-the-beast-deluxe-edition-pc-steam"
"Dying Light: The Beast";"Deluxe Edition - Cuenta Steam";"NO";"Cuenta Steam";"38161";"96878";"59047";"20886";"85028";"https://driffle.com/es/dying-light-the-beast-deluxe-edition-global-pc-steam-account-p9962273";"https://store.steampowered.com/app/3008130/Dying_Light_The_Beast/";"driffle";"AR/LATAM";"SI";"Dying Light The Beast Deluxe Edition (Global) (PC) - Steam Account";"2026-10-03T04:06:29.764Z";"SI";"driffle:38161 | kinguin:49383";"49383";"";"38161";"";"https://www.kinguin.net/es/category/371691/dying-light-the-beast-deluxe-edition-pc-steam-account";"";"https://driffle.com/es/dying-light-the-beast-deluxe-edition-global-pc-steam-account-p9962273";""
"Dying Light: The Beast";"Edicion estandar - CD Key LATAM (Steam)";"SI";"CD Key Steam";"38452";"83834";"61611";"23159";"88720";"https://www.eneba.com/latam/steam-dying-light-the-beast-steam-pc-key-global";"https://store.steampowered.com/app/3008130/Dying_Light_The_Beast/";"eneba";"global";"SI";"Dying Light The Beast Código de Steam (PC) GLOBAL";"2026-10-03T04:04:05.964Z";"SI";"driffle:38501 | kinguin:40474 | eneba:38452";"40474";"38452";"38501";"";"https://www.kinguin.net/es/category/359509/dying-light-the-beast-pc-steam-cd-key";"https://www.eneba.com/latam/steam-dying-light-the-beast-steam-pc-key-global";"https://driffle.com/es/dying-light-the-beast-global-pc-steam-digital-key-p9938120";"https://www.loaded.com/es_es/dying-light-the-beast-pc-steam"
"Dying Light: The Beast";"Edicion estandar - Cuenta Steam";"NO";"Cuenta Steam";"31774";"83834";"51405";"19631";"74023";"https://driffle.com/es/dying-light-the-beast-global-pc-steam-account-p9961930";"https://store.steampowered.com/app/3008130/Dying_Light_The_Beast/";"driffle";"AR/LATAM";"SI";"Dying Light The Beast (Global) (PC) - Steam Account";"2026-10-03T04:04:15.409Z";"SI";"driffle:31774 | kinguin:35089";"35089";"";"31774";"";"https://www.kinguin.net/es/category/356849/dying-light-the-beast-pc-steam-account";"";"https://driffle.com/es/dying-light-the-beast-global-pc-steam-account-p9961930";""
"Dynasty Warriors: Origins";"Edicion estandar - CD Key LATAM (Steam)";"SI";"CD Key Steam";"63192";"108618";"81464";"18272";"117308";"https://driffle.com/es/dynasty-warriors-origins-global-pc-steam-digital-key-p9926207";"https://store.steampowered.com/app/2384580/DYNASTY_WARRIORS_ORIGINS/";"driffle";"global";"SI";"DYNASTY WARRIORS ORIGINS (Global) (PC) - Steam - Digital Key";"2026-10-03T04:08:35.637Z";"SI";"driffle:63192 | eneba:72765";"";"72765";"63192";"";"https://www.kinguin.net/es/category/304555/dynasty-warriors-origins-pc-steam-cd-key";"https://www.eneba.com/latam/steam-dynasty-warriors-origins-pc-steam-key-latam";"https://driffle.com/es/dynasty-warriors-origins-global-pc-steam-digital-key-p9926207";"https://www.loaded.com/es_es/dynasty-warriors-origins-pc-steam"
"Dynasty Warriors: Origins";"Edicion estandar - Cuenta Steam";"NO";"Cuenta Steam";"62562";"108618";"77562";"15000";"111689";"https://www.kinguin.net/es/category/308192/dynasty-warriors-origins-pc-steam-account";"https://store.steampowered.com/app/2384580/DYNASTY_WARRIORS_ORIGINS/";"kinguin";"cuenta";"SI";"Dynasty Warriors: Origins PC Steam Account";"2026-10-03T04:08:40.413Z";"SI";"kinguin:62562";"62562";"";"";"";"https://www.kinguin.net/es/category/308192/dynasty-warriors-origins-pc-steam-account";"";"";""
"EA SPORTS FC 26";"Edicion estandar - Cuenta Steam";"NO";"Cuenta Steam";"5336";"130419";"32336";"27000";"46564";"https://www.kinguin.net/es/category/365634/ea-sports-fc-26-pc-steam-account";"https://store.steampowered.com/app/3405690/EA_SPORTS_FC_26/";"kinguin";"cuenta";"SI";"EA SPORTS FC 26 PC Steam Account";"2026-10-03T04:10:59.701Z";"SI";"kinguin:5336 | driffle:6080";"5336";"";"6080";"";"https://www.kinguin.net/es/category/365634/ea-sports-fc-26-pc-steam-account";"";"https://driffle.com/es/ea-sports-fc-26-global-pc-steam-account-p9952463";""
"EA SPORTS FC 26";"The World's Game Edition - Cuenta Steam";"NO";"Cuenta Steam";"14860";"130419";"41860";"27000";"60278";"https://driffle.com/es/ea-sports-fc-26-the-worlds-game-edition-global-pc-steam-account-p9996215";"https://store.steampowered.com/app/3405690/EA_SPORTS_FC_26/";"driffle";"AR/LATAM";"SI";"EA SPORTS FC 26 - The World's Game Edition (Global) (PC) - Steam Account";"2026-10-03T04:11:14.148Z";"SI";"kinguin:16396 | driffle:14860";"16396";"";"14860";"";"https://www.kinguin.net/es/category/541854/ea-sports-fc-26-the-world-s-game-edition-pc-steam-account";"";"https://driffle.com/es/ea-sports-fc-26-the-worlds-game-edition-global-pc-steam-account-p9996215";""
"EA SPORTS FC™ 27";"Edicion estandar - Cuenta Steam";"NO";"Cuenta Steam";"53329";"130419";"78195";"24866";"112601";"https://driffle.com/es/ea-sports-fc-27-global-pc-steam-account-p9998646";"https://store.steampowered.com/app/4080220/EA_SPORTS_FC_27/";"driffle";"AR/LATAM";"SI";"EA SPORTS FC 27 (Global) (PC) - Steam Account";"2026-10-03T04:11:23.570Z";"SI";"driffle:53329 | kinguin:57533";"57533";"";"53329";"";"https://www.kinguin.net/es/category/609604/ea-sports-fc-27-pc-steam-account";"";"https://driffle.com/es/ea-sports-fc-27-global-pc-steam-account-p9998646";""
"EA SPORTS FC™ 27";"Ultimate Edition - Cuenta Steam";"NO";"Cuenta Steam";"98443";"186321";"118043";"19600";"169982";"https://www.kinguin.net/es/category/609624/ea-sports-fc-27-ultimate-edition-pc-steam-account";"https://store.steampowered.com/app/4080220/EA_SPORTS_FC_27/";"kinguin";"cuenta";"SI";"EA Sports FC 27 Ultimate Edition PC Steam Account";"2026-10-03T04:11:28.420Z";"SI";"kinguin:98443";"98443";"";"";"";"https://www.kinguin.net/es/category/609624/ea-sports-fc-27-ultimate-edition-pc-steam-account";"";"";""
"EA SPORTS FC™ 27";"Ultimate Plus Edition - Cuenta Steam";"NO";"Cuenta Steam";"183772";"186321";"198772";"15000";"286232";"https://www.kinguin.net/es/category/609638/ea-sports-fc-27-ultimate-edition-plus-pc-steam-account";"https://store.steampowered.com/app/4080220/EA_SPORTS_FC_27/";"kinguin";"cuenta";"SI";"EA Sports FC 27 Ultimate Edition Plus PC Steam Account";"2026-10-03T04:11:33.395Z";"SI";"kinguin:183772";"183772";"";"";"";"https://www.kinguin.net/es/category/609638/ea-sports-fc-27-ultimate-edition-plus-pc-steam-account";"";"";""
"EA SPORTS™ College Football 27";"Deluxe Edition - Cuenta Steam";"NO";"Cuenta Steam";"74091";"186321";"101091";"27000";"145571";"https://www.kinguin.net/es/category/563378/ea-sports-college-football-27-deluxe-edition-pc-steam-account";"https://store.steampowered.com/app/4032350/EA_SPORTS_College_Football_27/?curator_clanid=4777282";"kinguin";"cuenta";"SI";"EA SPORTS College Football 27 Deluxe Edition PC Steam Account";"2026-10-03T04:10:50.094Z";"SI";"kinguin:74091";"74091";"";"";"";"https://www.kinguin.net/es/category/563378/ea-sports-college-football-27-deluxe-edition-pc-steam-account";"";"";""
"EA SPORTS™ College Football 27";"Edicion estandar - Cuenta Steam";"NO";"Cuenta Steam";"70792";"130419";"85792";"15000";"123540";"https://www.kinguin.net/es/category/563380/ea-sports-college-football-27-pc-steam-account";"https://store.steampowered.com/app/4032350/EA_SPORTS_College_Football_27/?curator_clanid=4777282";"kinguin";"cuenta";"SI";"EA SPORTS College Football 27 PC Steam Account";"2026-10-03T04:10:45.788Z";"SI";"kinguin:70792";"70792";"";"";"";"https://www.kinguin.net/es/category/563380/ea-sports-college-football-27-pc-steam-account";"";"";""
"ELDEN RING";"Deluxe Edition - Cuenta Steam";"NO";"Cuenta Steam";"115082";"149053";"130082";"15000";"187318";"https://www.kinguin.net/es/category/217210/elden-ring-shadow-of-the-erdtree-deluxe-edition-steam-account";"https://store.steampowered.com/app/1245620/ELDEN_RING/";"kinguin";"cuenta";"SI";"ELDEN RING: Shadow of the Erdtree Deluxe Edition Steam Account";"2026-10-03T04:12:20.752Z";"SI";"kinguin:115082";"115082";"";"";"";"https://www.kinguin.net/es/category/217210/elden-ring-shadow-of-the-erdtree-deluxe-edition-steam-account";"";"";""
"ELDEN RING";"Shadow of the Erdtree Deluxe Edition - CD Key LATAM (Steam)";"SI";"CD Key Steam";"170804";"149053";"185804";"15000";"267558";"https://www.eneba.com/latam/steam-elden-ring-shadow-of-the-erdtree-deluxe-edition-pc-steam-key-latam";"https://store.steampowered.com/app/1245620/ELDEN_RING/";"eneba";"AR/LATAM";"SI";"ELDEN RING Shadow of the Erdtree Deluxe Edition (PC) Código de Steam LATAM";"2026-10-03T04:12:15.621Z";"SI";"eneba:170804";"";"170804";"";"";"";"https://www.eneba.com/latam/steam-elden-ring-shadow-of-the-erdtree-deluxe-edition-pc-steam-key-latam";"";""
"ELDEN RING";"Shadow of the Erdtree Edition - Cuenta Steam";"NO";"Cuenta Steam";"84860";"119239";"99860";"15000";"143798";"https://www.kinguin.net/es/category/217207/elden-ring-shadow-of-the-erdtree-edition-steam-account";"https://store.steampowered.com/app/1245620/ELDEN_RING/";"kinguin";"cuenta";"SI";"ELDEN RING: Shadow of the Erdtree Edition Steam Account";"2026-10-03T04:12:11.024Z";"SI";"driffle:108113 | kinguin:84860";"84860";"";"108113";"";"https://www.kinguin.net/es/category/217207/elden-ring-shadow-of-the-erdtree-edition-steam-account";"";"https://driffle.com/es/elden-ring-shadow-of-the-erdtree-edition-global-pc-steam-account-p9979504";""
"ELDEN RING NIGHTREIGN";"Deluxe Edition - Cuenta Steam";"NO";"Cuenta Steam";"51970";"81971";"66970";"15000";"96437";"https://www.kinguin.net/es/category/311954/elden-ring-nightreign-deluxe-edition-pc-steam-account";"https://store.steampowered.com/app/2622380/ELDEN_RING_NIGHTREIGN/";"kinguin";"cuenta";"SI";"ELDEN RING NIGHTREIGN Deluxe Edition PC Steam Account";"2026-10-03T04:13:04.928Z";"SI";"kinguin:51970";"51970";"";"";"";"https://www.kinguin.net/es/category/311954/elden-ring-nightreign-deluxe-edition-pc-steam-account";"";"";""
"ELDEN RING NIGHTREIGN";"Edicion estandar - CD Key LATAM (Steam)";"SI";"CD Key Steam";"45470";"59610";"60470";"15000";"87077";"https://www.eneba.com/latam/steam-elden-ring-nightreign-steam-key-pc-latam";"https://store.steampowered.com/app/2622380/ELDEN_RING_NIGHTREIGN/";"eneba";"AR/LATAM";"SI";"ELDEN RING NIGHTREIGN Steam Key (PC) LATAM";"2026-10-03T04:12:34.521Z";"SI";"eneba:45470 | driffle:62238";"";"45470";"62238";"";"https://www.kinguin.net/es/category/335894/elden-ring-nightreign-pc-steam-cd-key";"https://www.eneba.com/latam/steam-elden-ring-nightreign-steam-key-pc-latam";"https://driffle.com/es/elden-ring-nightreign-latam-pc-steam-digital-key-p9933644";""
"ELDEN RING NIGHTREIGN";"Edicion estandar - Cuenta Steam";"NO";"Cuenta Steam";"33601";"59610";"48601";"15000";"69985";"https://driffle.com/es/elden-ring-nightreign-global-pc-steam-account-p9945661";"https://store.steampowered.com/app/2622380/ELDEN_RING_NIGHTREIGN/";"driffle";"AR/LATAM";"SI";"ELDEN RING NIGHTREIGN (Global) (PC) - Steam Account";"2026-10-03T04:12:43.752Z";"SI";"driffle:33601 | kinguin:34022";"34022";"";"33601";"";"https://www.kinguin.net/es/category/312067/elden-ring-nightreign-pc-steam-account";"";"https://driffle.com/es/elden-ring-nightreign-global-pc-steam-account-p9945661";""
"F1 25";"2026 Season Edition - CD Key (Steam)";"SI";"CD Key Steam";"38339";"93151";"65788";"27449";"94735";"https://www.kinguin.net/es/category/549472/f1-25-2026-season-edition-pc-steam-cd-key";"https://store.steampowered.com/app/3059520/F1_25/";"kinguin";"titulo";"SI";"F1 25: 2026 Season Edition PC Steam CD Key";"2026-10-03T04:13:09.496Z";"SI";"kinguin:38339";"38339";"";"";"";"https://www.kinguin.net/es/category/549472/f1-25-2026-season-edition-pc-steam-cd-key";"";"";""
"F1 25";"2026 Season Edition - Cuenta Steam";"NO";"Cuenta Steam";"31936";"93151";"55103";"23167";"79348";"https://www.kinguin.net/es/category/541795/f1-25-2026-season-edition-pc-steam-account";"https://store.steampowered.com/app/3059520/F1_25/";"kinguin";"cuenta";"SI";"F1 25: 2026 Season Edition PC Steam Account";"2026-10-03T04:13:18.784Z";"SI";"kinguin:31936 | driffle:36560";"31936";"";"36560";"";"https://www.kinguin.net/es/category/541795/f1-25-2026-season-edition-pc-steam-account";"";"https://driffle.com/es/f1-25-2026-season-edition-global-pc-steam-account-p9996177";""
"Fallout 76";"Edicion estandar - CD Key LATAM (Steam)";"SI";"CD Key Steam";"12710";"44703";"33103";"20393";"47668";"https://www.eneba.com/latam/steam-fallout-76-steam-key-pc-latam";"https://store.steampowered.com/app/1151340/Fallout_76/?curator_clanid=4777282";"eneba";"AR/LATAM";"SI";"Fallout 76 Steam Key (PC) LATAM";"2026-10-03T04:15:24.126Z";"SI";"eneba:12710 | driffle:16073 | kinguin:20601";"20601";"12710";"16073";"";"https://www.kinguin.net/es/category/278799/fallout-76-latam-pc-steam-cd-key";"https://www.eneba.com/latam/steam-fallout-76-steam-key-pc-latam";"https://driffle.com/es/fallout-76-p9882414";"https://www.loaded.com/es_es/fallout-76-pc-ww-steam"
"Fallout 76";"Edicion estandar - Cuenta Steam";"NO";"Cuenta Steam";"4172";"44703";"25103";"20931";"36148";"https://www.kinguin.net/es/category/138395/fallout-76-steam-account";"https://store.steampowered.com/app/1151340/Fallout_76/?curator_clanid=4777282";"kinguin";"cuenta";"SI";"Fallout 76 Steam Account";"2026-10-03T04:15:33.452Z";"SI";"kinguin:4172 | driffle:5207";"4172";"";"5207";"";"https://www.kinguin.net/es/category/138395/fallout-76-steam-account";"";"https://driffle.com/es/fallout-76-global-pc-steam-account-p9979508";""
"FINAL FANTASY VII REMAKE INTERGRADE";"Edicion estandar - CD Key LATAM (Steam)";"SI";"CD Key Steam";"21813";"59610";"41550";"19737";"59832";"https://driffle.com/es/final-fantasy-vii-remake-intergrade-pc-steam-digital-code-p9907421";"https://store.steampowered.com/app/1462040/FINAL_FANTASY_VII_REMAKE_INTERGRADE/?curator_clanid=4777282";"driffle";"global";"SI";"Final Fantasy VII Remake Intergrade (Global) (PC) - Steam - Digital Key";"2026-10-03T04:17:38.649Z";"SI";"driffle:21813 | kinguin:22670 | eneba:22476";"22670";"22476";"21813";"";"https://www.kinguin.net/es/category/121803/final-fantasy-vii-remake-intergrade-steam-cd-key";"https://www.eneba.com/latam/steam-final-fantasy-vii-remake-intergrade-pc-steam-key-global";"https://driffle.com/es/final-fantasy-vii-remake-intergrade-pc-steam-digital-code-p9907421";"https://www.loaded.com/es_es/final-fantasy-vii-remake-intergrade-pc-steam-ww"
"Forza Horizon 5";"Deluxe Edition - Cuenta Steam";"NO";"Cuenta Steam";"26422";"76101";"46248";"19826";"66597";"https://www.kinguin.net/es/category/153247/forza-horizon-5-deluxe-edition-steam-account";"https://store.steampowered.com/app/1551360/Forza_Horizon_5/?curator_clanid=4777282";"kinguin";"global";"SI";"Forza Horizon 5 Deluxe Edition Steam Account";"2026-10-03T04:18:05.938Z";"SI";"kinguin:26422 | driffle:29090";"26422";"";"29090";"";"https://www.kinguin.net/es/category/153247/forza-horizon-5-deluxe-edition-steam-account";"";"https://driffle.com/es/forza-horizon-5-deluxe-edition-global-pc-steam-account-p9962282";""
"Forza Horizon 5";"Edicion estandar - Cuenta Steam";"NO";"Cuenta Steam";"15992";"61082";"36219";"20227";"52155";"https://www.kinguin.net/es/category/151135/forza-horizon-5-steam-account";"https://store.steampowered.com/app/1551360/Forza_Horizon_5/?curator_clanid=4777282";"kinguin";"global";"SI";"Forza Horizon 5 Steam Account";"2026-10-03T04:17:56.617Z";"SI";"kinguin:15992 | driffle:19258";"15992";"";"19258";"";"https://www.kinguin.net/es/category/151135/forza-horizon-5-steam-account";"";"https://driffle.com/es/forza-horizon-5-global-pc-steam-account-p9943443";""
"Forza Horizon 5";"Premium Edition - Cuenta Steam";"NO";"Cuenta Steam";"27942";"95797";"54538";"26596";"78535";"https://driffle.com/es/forza-horizon-5-premium-edition-global-pc-steam-account-p9945649";"https://store.steampowered.com/app/1551360/Forza_Horizon_5/?curator_clanid=4777282";"driffle";"global";"SI";"Forza Horizon 5 Premium Edition (Global) (PC) - Steam Account";"2026-10-03T04:18:20.642Z";"SI";"driffle:27942 | kinguin:33035";"33035";"";"27942";"";"https://www.kinguin.net/es/category/153246/forza-horizon-5-premium-edition-steam-account";"";"https://driffle.com/es/forza-horizon-5-premium-edition-global-pc-steam-account-p9945649";""
"Forza Horizon 6";"Premium Edition - Cuenta Steam";"NO";"Cuenta Steam";"85927";"156507";"101409";"15482";"146029";"https://driffle.com/es/forza-horizon-6-premium-edition-global-pc-steam-account-p9980955";"https://store.steampowered.com/app/2483190/Forza_Horizon_6/";"driffle";"AR/LATAM";"SI";"Forza Horizon 6 Premium Edition (Global) (PC) - Steam Account";"2026-10-03T04:18:49.917Z";"SI";"driffle:85927 | kinguin:98362";"98362";"";"85927";"";"https://www.kinguin.net/es/category/440707/forza-horizon-6-premium-edition-pc-steam-account";"";"https://driffle.com/es/forza-horizon-6-premium-edition-global-pc-steam-account-p9980955";""
"Ghost of Tsushima";"Director's Cut - CD Key LATAM (Steam)";"SI";"CD Key Steam";"38113";"93151";"63163";"25050";"90955";"https://driffle.com/es/ghost-of-tsushima-directors-cut-latam-pc-steam-digital-key-p9944724";"https://store.steampowered.com/app/2215430/Ghost_of_Tsushima_VERSIN_DEL_DIRECTOR/?l=spanish";"driffle";"AR/LATAM";"SI";"Ghost of Tsushima Director’s Cut (LATAM) (PC) - Steam - Digital Key";"2026-10-03T04:21:13.637Z";"SI";"driffle:38113 | kinguin:43222 | eneba:40037";"43222";"40037";"38113";"";"https://www.kinguin.net/es/category/305975/ghost-of-tsushima-director-s-cut-latam-pc-steam-cd-key";"https://www.eneba.com/latam/steam-ghost-of-tsushima-directors-cut-pc-steam-key-latam";"https://driffle.com/es/ghost-of-tsushima-directors-cut-latam-pc-steam-digital-key-p9944724";"https://www.loaded.com/es_es/ghost-of-tsushima-director-s-cut-pc-steam"
"God of War";"Edicion estandar - CD Key LATAM (Steam)";"SI";"CD Key Steam";"22573";"93151";"56910";"34337";"81950";"https://www.eneba.com/latam/steam-god-of-war-pc-steam-key-latam";"https://store.steampowered.com/app/1593500/God_of_War/";"eneba";"AR/LATAM";"SI";"God of War (PC) Código de Steam LATAM";"2026-10-03T04:21:23.589Z";"SI";"driffle:26567 | eneba:22573";"";"22573";"26567";"";"";"https://www.eneba.com/latam/steam-god-of-war-pc-steam-key-latam";"https://driffle.com/es/god-of-war-pc-steam-digital-code-p9878708";""
"God of War";"Edicion estandar - Cuenta Steam";"NO";"Cuenta Steam";"21910";"93151";"48910";"27000";"70430";"https://www.kinguin.net/es/category/152417/god-of-war-steam-account";"https://store.steampowered.com/app/1593500/God_of_War/";"kinguin";"cuenta";"SI";"God of War Steam Account";"2026-10-03T04:21:32.932Z";"SI";"kinguin:21910 | driffle:21991";"21910";"";"21991";"";"https://www.kinguin.net/es/category/152417/god-of-war-steam-account";"";"https://driffle.com/es/god-of-war-global-pc-steam-account-p9971517";""
"God Of War Ragnarök";"Edicion estandar - CD Key LATAM (Steam)";"SI";"CD Key Steam";"46893";"93151";"69863";"22970";"100603";"https://www.eneba.com/latam/steam-god-of-war-ragnarok-pc-steam-key-latam";"https://store.steampowered.com/app/2322010/God_of_War_Ragnark/?curator_clanid=4777282";"eneba";"AR/LATAM";"SI";"God of War Ragnarök (PC) Código de Steam LATAM";"2026-10-03T04:21:46.744Z";"SI";"driffle:48025 | eneba:46893";"";"46893";"48025";"";"https://www.kinguin.net/es/category/273654/god-of-war-ragnaroek-latam-pc-steam-cd-key";"https://www.eneba.com/latam/steam-god-of-war-ragnarok-pc-steam-key-latam";"https://driffle.com/es/god-of-war-ragnarok-latam-pc-steam-digital-key-p9978346";""
"God Of War Ragnarök";"Edicion estandar - Cuenta Steam";"NO";"Cuenta Steam";"50903";"93151";"65903";"15000";"94900";"https://driffle.com/es/god-of-war-ragnarok-global-pc-steam-account-p9962284";"https://store.steampowered.com/app/2322010/God_of_War_Ragnark/?curator_clanid=4777282";"driffle";"AR/LATAM";"SI";"God of War Ragnarok (Global) (PC) - Steam Account";"2026-10-03T04:21:55.696Z";"SI";"driffle:50903";"";"";"50903";"";"https://www.kinguin.net/es/category/261894/god-of-war-ragnaroek-steam-account";"";"https://driffle.com/es/god-of-war-ragnarok-global-pc-steam-account-p9962284";""
"Gothic 1 Remake";"Edicion estandar - CD Key LATAM (Steam)";"SI";"CD Key Steam";"40085";"63337";"69199";"29114";"99647";"https://www.eneba.com/latam/steam-gothic-1-remake-steam-key-pc-latam";"https://store.steampowered.com/app/1297900/Gothic_1_Remake/?curator_clanid=4777282";"eneba";"AR/LATAM";"SI";"Gothic 1 Remake Steam Key (PC) LATAM";"2026-10-03T04:24:20.168Z";"SI";"eneba:40085 | kinguin:41670 | driffle:46359";"41670";"40085";"46359";"";"https://www.kinguin.net/es/category/541778/gothic-1-remake-latam-pc-steam-cd-key";"https://www.eneba.com/latam/steam-gothic-1-remake-steam-key-pc-latam";"https://driffle.com/es/gothic-1-remake-global-pc-steam-digital-key-p9932448";"https://www.loaded.com/es_es/gothic-1-remake-pc-steam-latam"
"Grand Theft Auto V";"Enhanced - Cuenta Steam";"NO";"Cuenta Steam";"17464";"55883";"34780";"17316";"50083";"https://www.kinguin.net/es/category/320974/grand-theft-auto-v-enhanced-pc-steam-account";"https://store.steampowered.com/app/3240220/Grand_Theft_Auto_V_Enhanced/";"kinguin";"global";"SI";"Grand Theft Auto V Enhanced PC Steam Account";"2026-10-03T04:24:34.809Z";"SI";"kinguin:17464 | driffle:21506";"17464";"";"21506";"";"https://www.kinguin.net/es/category/320974/grand-theft-auto-v-enhanced-pc-steam-account";"";"https://driffle.com/es/grand-theft-auto-v-enhanced-global-pc-steam-account-p9962285";""
"Halo: Campaign Evolved";"Edicion estandar - Cuenta Steam";"NO";"Cuenta Steam";"50903";"74517";"65903";"15000";"94900";"https://www.kinguin.net/es/category/542775/halo-campaign-evolved-pc-steam-account";"https://store.steampowered.com/app/2806050/Halo_Campaign_Evolved/";"kinguin";"cuenta";"SI";"Halo: Campaign Evolved PC Steam Account";"2026-10-03T04:24:44.120Z";"SI";"kinguin:50903 | driffle:55544";"50903";"";"55544";"";"https://www.kinguin.net/es/category/542775/halo-campaign-evolved-pc-steam-account";"";"https://driffle.com/es/halo-campaign-evolved-global-pc-steam-account-p9996349";""
"Halo: Campaign Evolved";"Premium Edition - Cuenta Steam";"NO";"Cuenta Steam";"69887";"111785";"84887";"15000";"122237";"https://www.kinguin.net/es/category/542838/halo-campaign-evolved-premium-edition-pc-steam-account";"https://store.steampowered.com/app/2806050/Halo_Campaign_Evolved/";"kinguin";"cuenta";"SI";"Halo: Campaign Evolved Premium Edition PC Steam Account";"2026-10-03T04:24:53.549Z";"SI";"kinguin:69887 | driffle:79573";"69887";"";"79573";"";"https://www.kinguin.net/es/category/542838/halo-campaign-evolved-premium-edition-pc-steam-account";"";"https://driffle.com/es/halo-campaign-evolved-premium-edition-global-pc-steam-account-p9996352";""
"HELLDIVERS 2";"Edicion estandar - CD Key LATAM (Steam)";"SI";"CD Key Steam";"35364";"74517";"55888";"20524";"80479";"https://www.eneba.com/latam/steam-helldivers-2-pc-steam-key-latam-10";"https://store.steampowered.com/app/553850/HELLDIVERS_2/";"eneba";"AR/LATAM";"SI";"HELLDIVERS 2 (PC) Código de Steam LATAM";"2026-10-03T04:26:59.282Z";"SI";"driffle:36997 | kinguin:38937 | eneba:35364";"38937";"35364";"36997";"";"https://www.kinguin.net/es/category/323104/helldivers-2-latam-pc-steam-cd-key";"https://www.eneba.com/latam/steam-helldivers-2-pc-steam-key-latam-10";"https://driffle.com/es/helldivers-2-latam-pc-steam-digital-key-p9967079";"https://www.loaded.com/es_es/helldivers-2-pc-steam"
"HELLDIVERS 2";"Super Citizen Edition - CD Key LATAM (Steam)";"SI";"CD Key Steam";"49513";"74517";"84513";"35000";"121699";"https://www.eneba.com/latam/steam-helldivers-2-super-citizen-edition-pc-steam-key-latam";"https://store.steampowered.com/app/553850/HELLDIVERS_2/";"eneba";"AR/LATAM";"SI";"HELLDIVERS 2 Super Citizen Edition (PC) Código de Steam LATAM";"2026-10-03T04:29:14.067Z";"SI";"driffle:50564 | kinguin:54040 | eneba:49513";"54040";"49513";"50564";"";"https://www.kinguin.net/es/category/322569/helldivers-2-super-citizen-edition-latam-pc-steam-cd-key";"https://www.eneba.com/latam/steam-helldivers-2-super-citizen-edition-pc-steam-key-latam";"https://driffle.com/es/helldivers-2-super-citizen-edition-latam-pc-steam-digital-key-p9981990";"https://www.loaded.com/es_es/helldivers-2-super-citizen-edition-pc-steam"
"HELLDIVERS 2";"Super Citizen Edition - Cuenta Steam";"NO";"Cuenta Steam";"58875";"74517";"73875";"15000";"106380";"https://www.kinguin.net/es/category/208514/helldivers-2-super-citizen-edition-pc-steam-account";"https://store.steampowered.com/app/553850/HELLDIVERS_2/";"kinguin";"global";"SI";"HELLDIVERS 2 Super Citizen Edition PC Steam Account";"2026-10-03T04:29:18.808Z";"SI";"kinguin:58875";"58875";"";"";"";"https://www.kinguin.net/es/category/208514/helldivers-2-super-citizen-edition-pc-steam-account";"";"";""
"HITMAN World of Assassination";"Deluxe Edition - CD Key (Steam)";"SI";"CD Key Steam";"107498";"85698";"122974";"15476";"177083";"https://www.kinguin.net/es/category/418805/hitman-world-of-assassination-deluxe-edition-pc-steam-cd-key";"https://store.steampowered.com/app/1659040/HITMAN_World_of_Assassination/?curator_clanid=4777282";"kinguin";"cuenta";"SI";"HITMAN World of Assassination: Deluxe Edition PC Steam CD Key";"2026-10-03T04:31:24.472Z";"SI";"kinguin:107498";"107498";"";"";"";"https://www.kinguin.net/es/category/418805/hitman-world-of-assassination-deluxe-edition-pc-steam-cd-key";"";"";""
"HITMAN World of Assassination";"Deluxe Edition - Cuenta Steam";"NO";"Cuenta Steam";"28621";"85698";"50871";"22250";"73254";"https://driffle.com/es/hitman-world-of-assassination-deluxe-edition-global-pc-steam-account-p9979540";"https://store.steampowered.com/app/1659040/HITMAN_World_of_Assassination/?curator_clanid=4777282";"driffle";"global";"SI";"HITMAN World of Assassination Deluxe Edition (Global) (PC) - Steam Account";"2026-10-03T04:31:33.021Z";"SI";"driffle:28621 | kinguin:31936";"31936";"";"28621";"";"https://www.kinguin.net/es/category/374248/hitman-world-of-assassination-deluxe-edition-pc-steam-account";"";"https://driffle.com/es/hitman-world-of-assassination-deluxe-edition-global-pc-steam-account-p9979540";""
"HITMAN World of Assassination";"Edicion estandar - Cuenta Steam";"NO";"Cuenta Steam";"11739";"27932";"26739";"15000";"38504";"https://driffle.com/es/hitman-world-of-assassination-global-pc-steam-account-p9945630";"https://store.steampowered.com/app/1659040/HITMAN_World_of_Assassination/?curator_clanid=4777282";"driffle";"global";"SI";"Hitman World of Assassination (Global) (PC) - Steam Account";"2026-10-03T04:31:19.617Z";"SI";"driffle:11739";"";"";"11739";"";"";"";"https://driffle.com/es/hitman-world-of-assassination-global-pc-steam-account-p9945630";""
"Hogwarts Legacy";"Deluxe Edition - CD Key LATAM (Steam)";"SI";"CD Key Steam";"10316";"74517";"41549";"31233";"59831";"https://driffle.com/es/hogwarts-legacy-deluxe-edition-pc-steam-digital-code-p9883456";"https://store.steampowered.com/app/990080/Hogwarts_Legacy/?curator_clanid=4777282";"driffle";"global";"SI";"Hogwarts Legacy Deluxe Edition (Global) (PC) - Steam - Digital Key";"2026-10-03T04:35:53.539Z";"SI";"driffle:10316 | kinguin:11206 | eneba:10478";"11206";"10478";"10316";"";"https://www.kinguin.net/es/category/149506/hogwarts-legacy-deluxe-edition-latam-steam-cd-key";"https://www.eneba.com/latam/steam-hogwarts-legacy-deluxe-edition-pc-steam-key-latam";"https://driffle.com/es/hogwarts-legacy-deluxe-edition-pc-steam-digital-code-p9883456";"https://www.loaded.com/es_es/hogwarts-legacy-deluxe-edition-pc-steam-ww"
"Hogwarts Legacy";"Deluxe Edition - Cuenta Steam";"NO";"Cuenta Steam";"6549";"74517";"33549";"27000";"48311";"https://driffle.com/es/hogwarts-legacy-deluxe-edition-pc-steam-digital-code-p9962290";"https://store.steampowered.com/app/990080/Hogwarts_Legacy/?curator_clanid=4777282";"driffle";"global";"SI";"Hogwarts Legacy Deluxe Edition (Global) (PC) - Steam Account";"2026-10-03T04:36:02.594Z";"SI";"driffle:6549 | kinguin:6840";"6840";"";"6549";"";"https://www.kinguin.net/es/category/148234/hogwarts-legacy-deluxe-edition-steam-account";"";"https://driffle.com/es/hogwarts-legacy-deluxe-edition-pc-steam-digital-code-p9962290";""
"Hogwarts Legacy";"Edicion estandar - CD Key LATAM (Steam)";"SI";"CD Key Steam";"6856";"55902";"37956";"31100";"54657";"https://www.eneba.com/latam/steam-hogwarts-legacy-pc-steam-key-latam";"https://store.steampowered.com/app/990080/Hogwarts_Legacy/?curator_clanid=4777282";"eneba";"AR/LATAM";"SI";"Hogwarts Legacy (PC) Código de Steam LATAM";"2026-10-03T04:33:38.543Z";"SI";"driffle:7471 | kinguin:8392 | eneba:6856";"8392";"6856";"7471";"";"https://www.kinguin.net/es/category/149507/hogwarts-legacy-latam-pc-steam-cd-key";"https://www.eneba.com/latam/steam-hogwarts-legacy-pc-steam-key-latam";"https://driffle.com/es/hogwarts-legacy-latam-pc-steam-digital-key-p9994172";"https://www.loaded.com/es_es/hogwarts-legacy-pc-steam"
"Hogwarts Legacy";"Edicion estandar - Cuenta Steam";"NO";"Cuenta Steam";"5385";"55902";"29956";"24571";"43137";"https://driffle.com/es/hogwarts-legacy-global-pc-steam-account-p9971523";"https://store.steampowered.com/app/990080/Hogwarts_Legacy/?curator_clanid=4777282";"driffle";"global";"SI";"Hogwarts Legacy (Global) (PC) - Steam Account";"2026-10-03T04:33:48.215Z";"SI";"driffle:5385 | kinguin:7584";"7584";"";"5385";"";"https://www.kinguin.net/es/category/148232/hogwarts-legacy-pc-steam-account";"";"https://driffle.com/es/hogwarts-legacy-global-pc-steam-account-p9971523";""
"Invincible VS";"Deluxe Edition - Cuenta Steam";"NO";"Cuenta Steam";"28184";"105282";"55184";"27000";"79465";"https://driffle.com/es/invincible-vs-deluxe-edition-global-pc-steam-account-p9994203";"https://store.steampowered.com/app/2353060/Invincible_VS/";"driffle";"global";"SI";"Invincible VS - Deluxe Edition (Global) (PC) - Steam Account";"2026-10-03T04:40:08.901Z";"SI";"kinguin:32987 | driffle:28184";"32987";"";"28184";"";"https://www.kinguin.net/es/category/440609/invincible-vs-deluxe-edition-pc-steam-account";"";"https://driffle.com/es/invincible-vs-deluxe-edition-global-pc-steam-account-p9994203";""
"Invincible VS";"Edicion estandar - CD Key LATAM (Steam)";"SI";"CD Key Steam";"70954";"69878";"87639";"16685";"126200";"https://www.eneba.com/latam/steam-invincible-vs-steam-key-pc-global";"https://store.steampowered.com/app/2353060/Invincible_VS/";"eneba";"global";"SI";"Invincible Vs. Steam Key (PC) GLOBAL";"2026-10-03T04:37:59.206Z";"SI";"eneba:70954";"";"70954";"";"";"";"https://www.eneba.com/latam/steam-invincible-vs-steam-key-pc-global";"";"https://www.loaded.com/es_es/invincible-vs-pc-steam"
"Invincible VS";"Edicion estandar - Cuenta Steam";"NO";"Cuenta Steam";"19808";"69878";"41176";"21368";"59293";"https://driffle.com/es/invincible-vs-global-pc-steam-account-p9994202";"https://store.steampowered.com/app/2353060/Invincible_VS/";"driffle";"global";"SI";"Invincible VS (Global) (PC) - Steam Account";"2026-10-03T04:38:08.761Z";"SI";"driffle:19808 | kinguin:20989";"20989";"";"19808";"";"https://www.kinguin.net/es/category/440606/invincible-vs-pc-steam-account";"";"https://driffle.com/es/invincible-vs-global-pc-steam-account-p9994202";""
"It takes two";"Edicion estandar - CD Key LATAM (Steam)";"SI";"CD Key Steam";"66701";"74517";"86479";"19778";"124530";"https://www.eneba.com/latam/steam-it-takes-two-steam-key-global";"https://store.steampowered.com/app/1426210/It_Takes_Two/?curator_clanid=4777282";"eneba";"global";"SI";"It Takes Two Código de Código de Steam GLOBAL";"2026-10-03T04:40:23.352Z";"SI";"driffle:68399 | eneba:66701";"";"66701";"68399";"";"https://www.kinguin.net/es/category/106598/it-takes-two-steam-cd-key";"https://www.eneba.com/latam/steam-it-takes-two-steam-key-global";"https://driffle.com/es/it-takes-two-steam-altergift-p53426";""
"It takes two";"Edicion estandar - Cuenta Steam";"NO";"Cuenta Steam";"10090";"74517";"37090";"27000";"53410";"https://driffle.com/es/it-takes-two-global-pc-steam-account-p9945671";"https://store.steampowered.com/app/1426210/It_Takes_Two/?curator_clanid=4777282";"driffle";"global";"SI";"It Takes Two (Global) (PC) - Steam Account";"2026-10-03T04:40:32.150Z";"SI";"driffle:10090 | kinguin:10203";"10203";"";"10090";"";"https://www.kinguin.net/es/category/152047/it-takes-two-steam-account";"";"https://driffle.com/es/it-takes-two-global-pc-steam-account-p9945671";""
"LEGO Batman: Legacy of the Dark Knight";"Deluxe Edition - CD Key LATAM (Steam)";"SI";"CD Key Steam";"86429";"149053";"107871";"21442";"155334";"https://www.eneba.com/latam/steam-lego-r-batmantm-legacy-of-the-dark-knight-deluxe-edition-steam-key-pc-latam";"https://store.steampowered.com/app/2215200/LEGO_Batman_El_Legado_del_Caballero_Oscuro/";"eneba";"AR/LATAM";"SI";"LEGO® Batman™: Legacy of the Dark Knight Deluxe Edition Steam Key (PC) LATAM";"2026-10-03T04:44:46.915Z";"SI";"eneba:86429 | driffle:116941";"";"86429";"116941";"";"https://www.kinguin.net/es/category/464787/lego-batman-legacy-of-the-dark-knight-deluxe-edition-pc-steam-cd-key";"https://www.eneba.com/latam/steam-lego-r-batmantm-legacy-of-the-dark-knight-deluxe-edition-steam-key-pc-latam";"https://driffle.com/es/lego-batman-legacy-of-the-dark-knight-deluxe-edition-global-pc-steam-digital-key-p9980733";"https://www.loaded.com/es_es/lego-batman-legacy-of-the-dark-knight-deluxe-edition-pc-latam-steam"
"LEGO Batman: Legacy of the Dark Knight";"Deluxe Edition - Cuenta Steam";"NO";"Cuenta Steam";"73056";"149053";"93353";"20297";"134428";"https://www.kinguin.net/es/category/439223/lego-batman-legacy-of-the-dark-knight-deluxe-edition-pc-steam-account";"https://store.steampowered.com/app/2215200/LEGO_Batman_El_Legado_del_Caballero_Oscuro/";"kinguin";"global";"SI";"LEGO Batman: Legacy of the Dark Knight Deluxe Edition PC Steam Account";"2026-10-03T04:44:53.083Z";"SI";"kinguin:73056";"73056";"";"";"";"https://www.kinguin.net/es/category/439223/lego-batman-legacy-of-the-dark-knight-deluxe-edition-pc-steam-account";"";"";""
"LEGO Batman: Legacy of the Dark Knight";"Edicion estandar - CD Key LATAM (Steam)";"SI";"CD Key Steam";"67801";"111785";"83839";"16038";"120728";"https://www.eneba.com/latam/steam-lego-r-batmantm-legacy-of-the-dark-knight-steam-key-pc-latam";"https://store.steampowered.com/app/2215200/LEGO_Batman_El_Legado_del_Caballero_Oscuro/";"eneba";"AR/LATAM";"SI";"LEGO® Batman™: Legacy of the Dark Knight Steam Key (PC) LATAM";"2026-10-03T04:42:37.777Z";"SI";"eneba:67801 | driffle:97618";"";"67801";"97618";"";"https://www.kinguin.net/es/category/471797/lego-batman-legacy-of-the-dark-knight-pc-steam-cd-key";"https://www.eneba.com/latam/steam-lego-r-batmantm-legacy-of-the-dark-knight-steam-key-pc-latam";"https://driffle.com/es/lego-batman-legacy-of-the-dark-knight-global-pc-steam-digital-key-p9980732";"https://www.loaded.com/es_es/lego-batman-legacy-of-the-dark-knight-pc-latam-steam"
"LEGO Batman: Legacy of the Dark Knight";"Edicion estandar - Cuenta Steam";"NO";"Cuenta Steam";"62319";"111785";"77319";"15000";"111339";"https://www.kinguin.net/es/category/439222/lego-batman-legacy-of-the-dark-knight-pc-steam-account";"https://store.steampowered.com/app/2215200/LEGO_Batman_El_Legado_del_Caballero_Oscuro/";"kinguin";"cuenta";"SI";"LEGO Batman: Legacy of the Dark Knight PC Steam Account";"2026-10-03T04:42:41.914Z";"SI";"kinguin:62319";"62319";"";"";"";"https://www.kinguin.net/es/category/439222/lego-batman-legacy-of-the-dark-knight-pc-steam-account";"";"";""
"MARVEL Tokon: Fighting Souls";"Ultimate Edition - CD Key (Steam)";"SI";"CD Key Steam";"167182";"186321";"182182";"15000";"262342";"https://www.kinguin.net/es/category/509291/marvel-tokon-fighting-souls-ultimate-edition-pre-order-pc-steam-cd-key";"https://store.steampowered.com/app/3787240/MARVEL_Tkon_Fighting_Souls/?curator_clanid=4777282";"kinguin";"cuenta";"SI";"MARVEL Tokon: Fighting Souls Ultimate Edition PC Steam CD Key";"2026-10-03T04:45:04.330Z";"SI";"kinguin:167182";"167182";"";"";"";"https://www.kinguin.net/es/category/509291/marvel-tokon-fighting-souls-ultimate-edition-pre-order-pc-steam-cd-key";"";"";""
"Marvel vs. Capcom: Infinite";"Deluxe Edition - CD Key LATAM (Steam)";"SI";"CD Key Steam";"11578";"83853";"38578";"27000";"55552";"https://www.eneba.com/latam/steam-marvel-vs-capcom-infinite-deluxe-edition-pc-steam-key-latam";"https://store.steampowered.com/app/493840/Marvel_vs_Capcom_Infinite/";"eneba";"AR/LATAM";"SI";"Marvel Vs. Capcom: Infinite Deluxe Edition (PC) Steam Key LATAM";"2026-10-03T04:47:24.480Z";"SI";"eneba:11578 | driffle:13583";"";"11578";"13583";"";"https://www.kinguin.net/es/category/42036/marvel-vs-capcom-infinite-deluxe-edition-steam-cd-key";"https://www.eneba.com/latam/steam-marvel-vs-capcom-infinite-deluxe-edition-pc-steam-key-latam";"https://driffle.com/es/marvel-vs-capcom-infinite-deluxe-edition-pc-steam-digital-code-p9879561";"https://www.loaded.com/es_es/marvel-vs-capcom-infinite-deluxe-edition-pc-steam-cd-key"
"Marvel vs. Capcom: Infinite";"Edicion estandar - CD Key LATAM (Steam)";"SI";"CD Key Steam";"7487";"54039";"35000";"27513";"50400";"https://driffle.com/es/marvel-vs-capcom-infinite-pc-steam-digital-code-p9903799";"https://store.steampowered.com/app/493840/Marvel_vs_Capcom_Infinite/";"driffle";"global";"SI";"Marvel vs Capcom Infinite (Global) (PC) - Steam - Digital Key";"2026-10-03T04:45:18.845Z";"SI";"driffle:7487 | eneba:7535";"";"7535";"7487";"";"https://www.kinguin.net/es/category/40785/marvel-vs-capcom-infinite-steam-cd-key";"https://www.eneba.com/latam/steam-marvel-vs-capcom-infinite-steam-key-latam";"https://driffle.com/es/marvel-vs-capcom-infinite-pc-steam-digital-code-p9903799";""
"Marvel's Spider-Man 2";"Deluxe Edition - CD Key LATAM (Steam)";"SI";"CD Key Steam";"52585";"93151";"68952";"16367";"99291";"https://driffle.com/es/marvels-spider-man-2-deluxe-edition-latam-pc-steam-digital-key-p9930164";"https://store.steampowered.com/app/2651280/Marvels_SpiderMan_2/";"driffle";"AR/LATAM";"SI";"Marvel's Spider-Man 2 Deluxe Edition (LATAM) (PC) - Steam - Digital Key";"2026-10-03T04:48:01.918Z";"SI";"driffle:52585";"";"";"52585";"";"https://www.kinguin.net/es/category/307365/marvel-s-spider-man-2-deluxe-edition-latam-pc-steam-cd-key";"https://www.eneba.com/latam/steam-marvels-spider-man-2-digital-deluxe-edition-pc-steam-key-latam";"https://driffle.com/es/marvels-spider-man-2-deluxe-edition-latam-pc-steam-digital-key-p9930164";""
"Marvel's Spider-Man 2";"Edicion estandar - CD Key LATAM (Steam)";"SI";"CD Key Steam";"43578";"93151";"69863";"26285";"100603";"https://driffle.com/es/marvels-spider-man-2-latam-pc-steam-digital-key-p9930167";"https://store.steampowered.com/app/2651280/Marvels_SpiderMan_2/";"driffle";"AR/LATAM";"SI";"Marvel's Spider-Man 2 (LATAM) (PC) - Steam - Digital Key";"2026-10-03T04:47:38.433Z";"SI";"driffle:43578 | eneba:44694";"";"44694";"43578";"";"https://www.kinguin.net/es/category/307369/marvel-s-spider-man-2-latam-pc-steam-cd-key";"https://www.eneba.com/latam/steam-marvels-spider-man-2-pc-steam-key-latam";"https://driffle.com/es/marvels-spider-man-2-latam-pc-steam-digital-key-p9930167";""
"Marvel's Spider-Man 2";"Edicion estandar - Cuenta Steam";"NO";"Cuenta Steam";"50159";"93151";"65159";"15000";"93829";"https://driffle.com/es/marvels-spider-man-2-global-pc-steam-account-p9979525";"https://store.steampowered.com/app/2651280/Marvels_SpiderMan_2/";"driffle";"AR/LATAM";"SI";"Marvel's Spider-Man 2 (Global) (PC) - Steam Account";"2026-10-03T04:47:47.208Z";"SI";"driffle:50159";"";"";"50159";"";"https://www.kinguin.net/es/category/296645/marvel-s-spider-man-2-pc-steam-account";"";"https://driffle.com/es/marvels-spider-man-2-global-pc-steam-account-p9979525";""
"Marvel's Spider-Man Remastered";"Edicion estandar - CD Key LATAM (Steam)";"SI";"CD Key Steam";"27764";"111785";"54764";"27000";"78860";"https://www.eneba.com/latam/steam-marvels-spider-man-remastered-pc-steam-key-latam";"https://store.steampowered.com/app/1817070/Marvels_SpiderMan_Remastered/";"eneba";"AR/LATAM";"SI";"Marvel's Spider-Man Remastered (PC) Código de Steam LATAM";"2026-10-03T04:50:08.067Z";"SI";"driffle:56821 | eneba:27764";"";"27764";"56821";"";"https://www.kinguin.net/es/category/322545/marvel-s-spider-man-remastered-latam-pc-steam-cd-key";"https://www.eneba.com/latam/steam-marvels-spider-man-remastered-pc-steam-key-latam";"https://driffle.com/es/marvels-spider-man-remastered-latam-pc-steam-digital-key-p9973449";"https://www.loaded.com/es_es/marvel-s-spider-man-remastered-pc-steam"
"Marvel's Spider-Man: Miles Morales";"Edicion estandar - CD Key LATAM (Steam)";"SI";"CD Key Steam";"23641";"93151";"50641";"27000";"72923";"https://www.eneba.com/latam/steam-marvels-spider-man-miles-morales-pc-steam-key-latam";"https://store.steampowered.com/app/1817190/Marvels_SpiderMan_Miles_Morales/";"eneba";"AR/LATAM";"SI";"Marvel's Spider-Man: Miles Morales Código de Steam LATAM";"2026-10-03T04:52:18.091Z";"SI";"driffle:27101 | eneba:23641";"";"23641";"27101";"";"https://www.kinguin.net/es/category/136099/marvel-s-spider-man-miles-morales-pc-steam-cd-key";"https://www.eneba.com/latam/steam-marvels-spider-man-miles-morales-pc-steam-key-latam";"https://driffle.com/es/marvels-spider-man-miles-morales-pc-steam-digital-code-p9882675";"https://www.loaded.com/es_es/marvel-s-spider-man-miles-morales-pc-steam"
"Microsoft Flight Simulator 2024";"Aviator Edition - Cuenta Steam";"NO";"Cuenta Steam";"208237";"372661";"234633";"26396";"337872";"https://www.kinguin.net/es/category/274088/microsoft-flight-simulator-2024-aviator-edition-pc-steam-account";"https://store.steampowered.com/app/2537590/Microsoft_Flight_Simulator_2024/";"kinguin";"global";"SI";"Microsoft Flight Simulator 2024 Aviator Edition PC Steam Account";"2026-10-03T05:00:21.895Z";"SI";"kinguin:208237";"208237";"";"";"";"https://www.kinguin.net/es/category/274088/microsoft-flight-simulator-2024-aviator-edition-pc-steam-account";"";"";""
"Microsoft Flight Simulator 2024";"Deluxe Edition - Cuenta Steam";"NO";"Cuenta Steam";"102097";"186321";"119504";"17407";"172086";"https://driffle.com/es/microsoft-flight-simulator-2024-deluxe-edition-global-pc-steam-account-p9971541";"https://store.steampowered.com/app/2537590/Microsoft_Flight_Simulator_2024/";"driffle";"AR/LATAM";"SI";"Microsoft Flight Simulator 2024 - Deluxe Edition (Global) (PC) - Steam Account";"2026-10-03T04:56:24.380Z";"SI";"driffle:102097 | kinguin:105574";"105574";"";"102097";"";"https://www.kinguin.net/es/category/274086/microsoft-flight-simulator-2024-deluxe-edition-pc-steam-account";"";"https://driffle.com/es/microsoft-flight-simulator-2024-deluxe-edition-global-pc-steam-account-p9971541";""
"Microsoft Flight Simulator 2024";"Edicion estandar - Cuenta Steam";"NO";"Cuenta Steam";"64066";"130419";"82490";"18424";"118786";"https://driffle.com/es/microsoft-flight-simulator-2024-global-pc-steam-account-p9971540";"https://store.steampowered.com/app/2537590/Microsoft_Flight_Simulator_2024/";"driffle";"AR/LATAM";"SI";"Microsoft Flight Simulator 2024 (Global) (PC) - Steam Account";"2026-10-03T04:54:23.804Z";"SI";"driffle:64066 | kinguin:75789";"75789";"";"64066";"";"https://www.kinguin.net/es/category/274084/microsoft-flight-simulator-2024-pc-steam-account";"";"https://driffle.com/es/microsoft-flight-simulator-2024-global-pc-steam-account-p9971540";""
"Monster Hunter Wilds";"Deluxe Edition - CD Key LATAM (Steam)";"SI";"CD Key Steam";"16251";"54039";"36818";"20567";"53018";"https://www.kinguin.net/es/category/320759/monster-hunter-wilds-deluxe-edition-latam-pc-steam-cd-key";"https://store.steampowered.com/app/2246340/Monster_Hunter_Wilds/?curator_clanid=4777282";"kinguin";"AR/LATAM";"SI";"Monster Hunter Wilds Deluxe Edition LATAM PC Steam CD Key";"2026-10-03T05:00:58.692Z";"SI";"kinguin:16251";"16251";"";"";"";"https://www.kinguin.net/es/category/320759/monster-hunter-wilds-deluxe-edition-latam-pc-steam-cd-key";"https://www.eneba.com/latam/steam-monster-hunter-wilds-deluxe-edition-pc-steam-key-latam";"https://driffle.com/es/monster-hunter-wilds-deluxe-edition-global-pc-steam-digital-key-p9925657";""
"Monster Hunter Wilds";"Edicion estandar - CD Key LATAM (Steam)";"SI";"CD Key Steam";"30400";"54039";"61551";"31151";"88633";"https://www.kinguin.net/es/category/320762/monster-hunter-wilds-latam-pc-steam-cd-key";"https://store.steampowered.com/app/2246340/Monster_Hunter_Wilds/?curator_clanid=4777282";"kinguin";"AR/LATAM";"SI";"Monster Hunter Wilds LATAM PC Steam CD Key";"2026-10-03T05:00:36.149Z";"SI";"kinguin:30400 | eneba:32518";"30400";"32518";"";"";"https://www.kinguin.net/es/category/320762/monster-hunter-wilds-latam-pc-steam-cd-key";"https://www.eneba.com/latam/steam-monster-hunter-wilds-pc-steam-key-latam";"https://driffle.com/es/monster-hunter-wilds-global-pc-steam-digital-key-p9925652";""
"Monster Hunter Wilds";"Edicion estandar - Cuenta Steam";"NO";"Cuenta Steam";"38452";"54039";"53452";"15000";"76971";"https://driffle.com/es/monster-hunter-wilds-global-pc-steam-account-p9979523";"https://store.steampowered.com/app/2246340/Monster_Hunter_Wilds/?curator_clanid=4777282";"driffle";"AR/LATAM";"SI";"Monster Hunter Wilds (Global) (PC) - Steam Account";"2026-10-03T05:00:45.005Z";"SI";"driffle:38452 | kinguin:40845";"40845";"";"38452";"";"https://www.kinguin.net/es/category/273198/monster-hunter-wilds-pc-steam-account";"";"https://driffle.com/es/monster-hunter-wilds-global-pc-steam-account-p9979523";""
"Monster Hunter Wilds";"Premium Deluxe - CD Key LATAM (Steam)";"SI";"CD Key Steam";"16251";"54039";"36818";"20567";"53018";"https://www.kinguin.net/es/category/330068/monster-hunter-wilds-premium-deluxe-edition-latam-pc-steam-cd-key";"https://store.steampowered.com/app/2246340/Monster_Hunter_Wilds/?curator_clanid=4777282";"kinguin";"AR/LATAM";"SI";"Monster Hunter Wilds Premium Deluxe Edition LATAM PC Steam CD Key";"2026-10-03T05:01:12.438Z";"SI";"kinguin:16251";"16251";"";"";"";"https://www.kinguin.net/es/category/330068/monster-hunter-wilds-premium-deluxe-edition-latam-pc-steam-cd-key";"https://www.eneba.com/latam/steam-monster-hunter-wilds-premium-deluxe-edition-pc-steam-key-latam";"";""
"Mortal Kombat 1";"Definitive Edition - CD Key LATAM (Steam)";"SI";"CD Key Steam";"20002";"111785";"55002";"35000";"79203";"https://www.eneba.com/latam/steam-mortal-kombat-1-definitive-edition-steam-key-pc-latam";"https://store.steampowered.com/app/1971870/Mortal_Kombat_1/?curator_clanid=4777282";"eneba";"AR/LATAM";"SI";"Mortal Kombat 1 Definitive Edition Steam Key (PC) LATAM";"2026-10-03T05:05:31.807Z";"SI";"eneba:20002 | driffle:23883 | kinguin:24675";"24675";"20002";"23883";"";"https://www.kinguin.net/es/category/451660/mortal-kombat-1-definitive-edition-latam-pc-steam-cd-key";"https://www.eneba.com/latam/steam-mortal-kombat-1-definitive-edition-steam-key-pc-latam";"https://driffle.com/es/mortal-kombat-1-definitive-edition-global-pc-steam-digital-key-p9948991";"https://www.loaded.com/es_es/mortal-kombat-1-definitive-edition-pc-steam"
"Mortal Kombat 1";"Definitive Edition - Cuenta Steam";"NO";"Cuenta Steam";"31240";"111785";"58240";"27000";"83866";"https://www.kinguin.net/es/category/405683/mortal-kombat-1-definitive-edition-pc-steam-account";"https://store.steampowered.com/app/1971870/Mortal_Kombat_1/?curator_clanid=4777282";"kinguin";"cuenta";"SI";"Mortal Kombat 1 Definitive Edition PC Steam Account";"2026-10-03T05:05:35.860Z";"SI";"kinguin:31240";"31240";"";"";"";"https://www.kinguin.net/es/category/405683/mortal-kombat-1-definitive-edition-pc-steam-account";"";"";""
"Mortal Kombat 1";"Edicion estandar - CD Key LATAM (Steam)";"SI";"CD Key Steam";"11869";"74517";"46869";"35000";"67491";"https://www.eneba.com/latam/steam-mortal-kombat-1-pc-steam-key-latam";"https://store.steampowered.com/app/1971870/Mortal_Kombat_1/?curator_clanid=4777282";"eneba";"AR/LATAM";"SI";"Mortal Kombat 1 (PC) Código de Steam LATAM";"2026-10-03T05:03:22.700Z";"SI";"kinguin:13906 | driffle:14213 | eneba:11869";"13906";"11869";"14213";"";"https://www.kinguin.net/es/category/275778/mortal-kombat-1-latam-pc-steam-cd-key";"https://www.eneba.com/latam/steam-mortal-kombat-1-pc-steam-key-latam";"https://driffle.com/es/mortal-kombat-1-latam-pc-steam-digital-key-p9919803";"https://www.loaded.com/es_es/mortal-kombat-11-pc-steam-cd-key"
"Mortal Kombat 1";"Edicion estandar - Cuenta Steam";"NO";"Cuenta Steam";"15976";"74517";"41452";"25476";"59691";"https://www.kinguin.net/es/category/185707/mortal-kombat-1-steam-account";"https://store.steampowered.com/app/1971870/Mortal_Kombat_1/?curator_clanid=4777282";"kinguin";"global";"SI";"Mortal Kombat 1 Steam Account";"2026-10-03T05:03:26.986Z";"SI";"kinguin:15976";"15976";"";"";"";"https://www.kinguin.net/es/category/185707/mortal-kombat-1-steam-account";"";"";""
"NBA 2K26";"Edicion estandar - CD Key LATAM (Steam)";"SI";"CD Key Steam";"21231";"130419";"48231";"27000";"69453";"https://driffle.com/es/nba-2k26-global-pc-steam-digital-key-p9949948";"https://store.steampowered.com/app/3472040/NBA_2K26/";"driffle";"global";"SI";"NBA 2K26 (Global) (PC) - Steam - Digital Key";"2026-10-03T05:07:42.086Z";"SI";"driffle:21231 | eneba:21716";"";"21716";"21231";"";"https://www.kinguin.net/es/category/369993/nba-2k26-standard-edition-pc-steam-cd-key";"https://www.eneba.com/latam/steam-nba-2k26-steam-key-pc-global";"https://driffle.com/es/nba-2k26-global-pc-steam-digital-key-p9949948";"https://www.loaded.com/es_es/nba-2k26-standard-edition-pc-steam"
"NBA 2K26";"Edicion estandar - Cuenta Steam";"NO";"Cuenta Steam";"11691";"130419";"38691";"27000";"55715";"https://www.kinguin.net/es/category/371701/nba-2k26-standard-edition-pc-steam-account";"https://store.steampowered.com/app/3472040/NBA_2K26/";"kinguin";"cuenta";"SI";"NBA 2K26 Standard Edition PC Steam Account";"2026-10-03T05:07:51.857Z";"SI";"kinguin:11691 | driffle:19663";"11691";"";"19663";"";"https://www.kinguin.net/es/category/371701/nba-2k26-standard-edition-pc-steam-account";"";"https://driffle.com/es/nba-2k26-global-pc-steam-account-p9979521";""
"NBA 2K26";"Slam Edition - CD Key LATAM (Steam)";"SI";"CD Key Steam";"32502";"149053";"67502";"35000";"97203";"https://www.eneba.com/latam/steam-nba-2k26-slam-edition-steam-key-pc-global";"https://store.steampowered.com/app/3472040/NBA_2K26/";"eneba";"global";"SI";"NBA 2K26 Slam Edition Steam Key (PC) GLOBAL";"2026-10-03T05:09:57.384Z";"SI";"eneba:32502 | driffle:34474";"";"32502";"34474";"";"https://www.kinguin.net/es/category/410112/nba-2k26-slam-edition-pc-steam-cd-key";"https://www.eneba.com/latam/steam-nba-2k26-slam-edition-steam-key-pc-global";"https://driffle.com/es/nba-2k26-slam-edition-global-pc-steam-digital-key-p9970529";"https://www.loaded.com/es_es/nba-2k26-slam-edition-pc-steam"
"NBA 2K26";"Slam Edition - Cuenta Steam";"NO";"Cuenta Steam";"37967";"149053";"64967";"27000";"93552";"https://www.kinguin.net/es/category/426616/nba-2k26-slam-edition-pc-steam-account";"https://store.steampowered.com/app/3472040/NBA_2K26/";"kinguin";"cuenta";"SI";"NBA 2K26 SLAM Edition PC Steam Account";"2026-10-03T05:10:06.837Z";"SI";"kinguin:37967 | driffle:51534";"37967";"";"51534";"";"https://www.kinguin.net/es/category/426616/nba-2k26-slam-edition-pc-steam-account";"";"https://driffle.com/es/nba-2k26-slam-edition-global-pc-steam-account-p9977089";""
"NBA 2K26";"Superstar Edition - CD Key LATAM (Steam)";"SI";"CD Key Steam";"36560";"186321";"71560";"35000";"103046";"https://driffle.com/es/nba-2k26-superstar-edition-global-pc-steam-digital-key-p9949949";"https://store.steampowered.com/app/3472040/NBA_2K26/";"driffle";"global";"SI";"NBA 2K26 Superstar Edition (Global) (PC) - Steam - Digital Key";"2026-10-03T05:12:12.357Z";"SI";"driffle:36560 | eneba:37256";"";"37256";"36560";"";"https://www.kinguin.net/es/category/372374/nba-2k26-superstar-edition-pc-steam-cd-key";"https://www.eneba.com/latam/steam-nba-2k26-superstar-edition-steam-key-pc-global";"https://driffle.com/es/nba-2k26-superstar-edition-global-pc-steam-digital-key-p9949949";"https://www.loaded.com/es_es/nba-2k26-superstar-edition-pc-steam"
"NBA 2K26";"Superstar Edition - Cuenta Steam";"NO";"Cuenta Steam";"36285";"186321";"63285";"27000";"91130";"https://www.kinguin.net/es/category/371704/nba-2k26-superstar-edition-pc-steam-account";"https://store.steampowered.com/app/3472040/NBA_2K26/";"kinguin";"cuenta";"SI";"NBA 2K26 Superstar Edition PC Steam Account";"2026-10-03T05:12:16.836Z";"SI";"kinguin:36285";"36285";"";"";"";"https://www.kinguin.net/es/category/371704/nba-2k26-superstar-edition-pc-steam-account";"";"";""
"NieR: Automata";"(Game of the YoRHa Edition - CD Key LATAM (Steam)";"SI";"CD Key Steam";"14682";"59610";"41962";"27280";"60425";"https://www.eneba.com/latam/steam-nier-automata-game-of-the-yorha-edition-steam-key-pc-latam";"https://store.steampowered.com/app/524220/NieRAutomata/?curator_clanid=4777282";"eneba";"AR/LATAM";"SI";"NieR: Automata (Game of the YoRHa Edition) Código de Steam (PC) LATAM";"2026-10-03T05:14:22.191Z";"SI";"driffle:22282 | kinguin:16316 | eneba:14682";"16316";"14682";"22282";"";"https://www.kinguin.net/es/category/389320/nier-automata-game-of-the-yorha-edition-latam-pc-steam-cd-key";"https://www.eneba.com/latam/steam-nier-automata-game-of-the-yorha-edition-steam-key-pc-latam";"https://driffle.com/es/nier-automata-game-of-the-yorha-edition-pc-steam-digital-code-p221997";"https://www.loaded.com/es_es/nier-automata-game-of-the-yorha-edition-steam-pc"
"NieR: Automata";"(Game of the YoRHa Edition - Cuenta Steam";"NO";"Cuenta Steam";"7260";"59610";"32152";"24892";"46299";"https://driffle.com/es/nier-automata-game-of-the-yorha-edition-global-pc-steam-account-p9979549";"https://store.steampowered.com/app/524220/NieRAutomata/?curator_clanid=4777282";"driffle";"global";"SI";"NieR Automata Game of the YoRHa Edition (Global) (PC) - Steam Account";"2026-10-03T05:14:31.038Z";"SI";"driffle:7260 | kinguin:7697";"7697";"";"7260";"";"https://www.kinguin.net/es/category/156126/nier-automata-game-of-the-yorha-edition-steam-account";"";"https://driffle.com/es/nier-automata-game-of-the-yorha-edition-global-pc-steam-account-p9979549";""
"Path of Exile 2";"Edicion estandar - Cuenta Steam";"NO";"Cuenta Steam";"21425";"55883";"36425";"15000";"52452";"https://www.kinguin.net/es/category/293164/path-of-exile-2-early-access-supporter-pack-pc-steam-account";"https://store.steampowered.com/app/2694490/Path_of_Exile_2/?curator_clanid=4777282";"kinguin";"cuenta";"SI";"Path of Exile 2 - Early Access Supporter Pack PC Steam Account";"2026-10-03T05:14:45.093Z";"SI";"kinguin:21425";"21425";"";"";"";"https://www.kinguin.net/es/category/293164/path-of-exile-2-early-access-supporter-pack-pc-steam-account";"";"https://driffle.com/es/path-of-exile-2-early-access-supporter-pack-dlc-global-pc-steam-account-p9962318";""
"Path of Exile 2";"King of the Faridun Supporter Pack - Cuenta Steam";"NO";"Cuenta Steam";"89549";"186321";"114485";"24936";"164858";"https://www.kinguin.net/es/category/293317/path-of-exile-2-king-of-the-faridun-supporter-pack-pc-steam-account";"https://store.steampowered.com/app/2694490/Path_of_Exile_2/?curator_clanid=4777282";"kinguin";"global";"SI";"Path of Exile 2 - King of the Faridun Supporter Pack PC Steam Account";"2026-10-03T05:14:54.987Z";"SI";"kinguin:89549";"89549";"";"";"";"https://www.kinguin.net/es/category/293317/path-of-exile-2-king-of-the-faridun-supporter-pack-pc-steam-account";"";"";""
"Path of Exile 2";"Lord of Ogham Supporter Pack - Cuenta Steam";"NO";"Cuenta Steam";"41234";"111785";"66090";"24856";"95170";"https://www.kinguin.net/es/category/293181/path-of-exile-2-lord-of-ogham-supporter-pack-pc-steam-account";"https://store.steampowered.com/app/2694490/Path_of_Exile_2/?curator_clanid=4777282";"kinguin";"cuenta";"SI";"Path of Exile 2 - Lord of Ogham Supporter Pack PC Steam Account";"2026-10-03T05:14:49.927Z";"SI";"kinguin:41234";"41234";"";"";"";"https://www.kinguin.net/es/category/293181/path-of-exile-2-lord-of-ogham-supporter-pack-pc-steam-account";"";"";""
"Persona 3 Reload";"Deluxe Edition - CD Key LATAM (Steam)";"SI";"CD Key Steam";"46359";"104332";"71596";"25237";"103098";"https://driffle.com/es/persona-3-reload-deluxe-edition-pc-steam-digital-code-p9889103";"https://store.steampowered.com/app/2161700/Persona_3_Reload/";"driffle";"global";"SI";"Persona 3 Reload Deluxe Edition (Global) (PC) - Steam - Digital Key";"2026-10-03T05:19:09.927Z";"SI";"driffle:46359";"";"";"46359";"";"https://www.kinguin.net/es/category/213135/persona-3-reload-deluxe-edition-steam-cd-key";"https://www.eneba.com/latam/steam-persona-3-reload-digital-deluxe-edition-pc-steam-key-global";"https://driffle.com/es/persona-3-reload-deluxe-edition-pc-steam-digital-code-p9889103";"https://www.loaded.com/es_es/persona-3-reload-digital-premium-edition-pc-steam-ww"
"Persona 3 Reload";"Deluxe Edition - Cuenta Steam";"NO";"Cuenta Steam";"25904";"104332";"52904";"27000";"76182";"https://www.kinguin.net/es/category/212863/persona-3-reload-deluxe-edition-steam-account";"https://store.steampowered.com/app/2161700/Persona_3_Reload/";"kinguin";"global";"SI";"Persona 3 Reload: Deluxe Edition Steam Account";"2026-10-03T05:19:14.913Z";"SI";"kinguin:25904";"25904";"";"";"";"https://www.kinguin.net/es/category/212863/persona-3-reload-deluxe-edition-steam-account";"";"";""
"Persona 3 Reload";"Edicion estandar - CD Key LATAM (Steam)";"SI";"CD Key Steam";"25177";"89425";"57589";"32412";"82928";"https://driffle.com/es/persona-3-reload-pc-steam-digital-code-p9889101";"https://store.steampowered.com/app/2161700/Persona_3_Reload/";"driffle";"global";"SI";"Persona 3 Reload (Global) (PC) - Steam - Digital Key";"2026-10-03T05:17:00.606Z";"SI";"driffle:25177 | eneba:26713";"";"26713";"25177";"";"https://www.kinguin.net/es/category/213128/persona-3-reload-pc-steam-cd-key";"https://www.eneba.com/latam/steam-persona-3-reload-pc-steam-key-global";"https://driffle.com/es/persona-3-reload-pc-steam-digital-code-p9889101";"https://www.loaded.com/es_es/persona-3-reload-pc-steam-ww"
"Persona 3 Reload";"Edicion estandar - Cuenta Steam";"NO";"Cuenta Steam";"22589";"89425";"49589";"27000";"71408";"https://www.kinguin.net/es/category/212612/persona-3-reload-steam-account";"https://store.steampowered.com/app/2161700/Persona_3_Reload/";"kinguin";"cuenta";"SI";"Persona 3 Reload Steam Account";"2026-10-03T05:17:04.812Z";"SI";"kinguin:22589";"22589";"";"";"";"https://www.kinguin.net/es/category/212612/persona-3-reload-steam-account";"";"";""
"Persona 3 Reload";"Premium Edition - Cuenta Steam";"NO";"Cuenta Steam";"33149";"134146";"60149";"27000";"86615";"https://www.kinguin.net/es/category/212869/persona-3-reload-premium-edition-steam-account";"https://store.steampowered.com/app/2161700/Persona_3_Reload/";"kinguin";"global";"SI";"Persona 3 Reload: Premium Edition Steam Account";"2026-10-03T05:21:24.290Z";"SI";"kinguin:33149";"33149";"";"";"";"https://www.kinguin.net/es/category/212869/persona-3-reload-premium-edition-steam-account";"";"";""
"PRAGMATA";"Deluxe Edition - CD Key LATAM (Steam)";"SI";"CD Key Steam";"69288";"98760";"104288";"35000";"150175";"https://www.kinguin.net/es/category/475524/pragmata-deluxe-edition-latam-pc-steam-cd-key";"https://store.steampowered.com/app/3357650/PRAGMATA/";"kinguin";"AR/LATAM";"SI";"PRAGMATA Deluxe Edition LATAM PC Steam CD Key";"2026-10-03T05:25:45.734Z";"SI";"kinguin:69288 | eneba:75142 | driffle:79087";"69288";"75142";"79087";"";"https://www.kinguin.net/es/category/475524/pragmata-deluxe-edition-latam-pc-steam-cd-key";"https://www.eneba.com/latam/steam-pragmata-deluxe-edition-steam-key-pc-latam";"https://driffle.com/es/pragmata-deluxe-edition-latam-pc-steam-digital-key-p9987966";"https://www.loaded.com/es_es/pragmata-deluxe-edition-pc-steam-latam"
"PRAGMATA";"Deluxe Edition - Cuenta Steam";"NO";"Cuenta Steam";"78813";"98760";"93813";"15000";"135091";"https://www.kinguin.net/es/category/431201/pragmata-deluxe-edition-pc-steam-account";"https://store.steampowered.com/app/3357650/PRAGMATA/";"kinguin";"global";"SI";"PRAGMATA Deluxe Edition PC Steam Account";"2026-10-03T05:25:54.674Z";"SI";"kinguin:78813";"78813";"";"";"";"https://www.kinguin.net/es/category/431201/pragmata-deluxe-edition-pc-steam-account";"";"https://driffle.com/es/pragmata-deluxe-edition-global-pc-steam-account-p9978289";""
"PRAGMATA";"Edicion estandar - CD Key LATAM (Steam)";"SI";"CD Key Steam";"54493";"83853";"69493";"15000";"100070";"https://www.eneba.com/latam/steam-pragmata-steam-key-pc-latam";"https://store.steampowered.com/app/3357650/PRAGMATA/";"eneba";"AR/LATAM";"SI";"PRAGMATA Steam Key (PC) LATAM";"2026-10-03T05:23:30.528Z";"SI";"eneba:54493 | driffle:57242 | kinguin:59279";"59279";"54493";"57242";"";"https://www.kinguin.net/es/category/475522/pragmata-latam-pc-steam-cd-key";"https://www.eneba.com/latam/steam-pragmata-steam-key-pc-latam";"https://driffle.com/es/pragmata-latam-steam-digital-key-p9987965";"https://www.loaded.com/es_es/pragmata-pc-steam-latam"
"PRAGMATA";"Edicion estandar - Cuenta Steam";"NO";"Cuenta Steam";"43142";"83853";"58142";"15000";"83724";"https://www.kinguin.net/es/category/428363/pragmata-pc-steam-account";"https://store.steampowered.com/app/3357650/PRAGMATA/";"kinguin";"cuenta";"SI";"PRAGMATA PC Steam Account";"2026-10-03T05:23:40.300Z";"SI";"kinguin:43142";"43142";"";"";"";"https://www.kinguin.net/es/category/428363/pragmata-pc-steam-account";"";"https://driffle.com/es/pragmata-global-pc-steam-account-p9978287";""
"Ready Or Not";"Deluxe Edition - CD Key LATAM (Steam)";"SI";"CD Key Steam";"27343";"74517";"50470";"23127";"72677";"https://www.kinguin.net/es/category/476489/ready-or-not-deluxe-edition-latam-pc-steam-cd-key";"https://store.steampowered.com/app/1144200/Ready_or_Not/";"kinguin";"AR/LATAM";"SI";"Ready or Not: Deluxe Edition LATAM PC Steam CD Key";"2026-10-03T05:30:14.726Z";"SI";"kinguin:27343";"27343";"";"";"";"https://www.kinguin.net/es/category/476489/ready-or-not-deluxe-edition-latam-pc-steam-cd-key";"https://www.eneba.com/latam/steam-ready-or-not-digital-deluxe-edition-steam-key-pc-latam";"https://driffle.com/es/ready-or-not-digital-deluxe-edition-latam-pc-steam-digital-key-p9995969";"https://www.loaded.com/es_es/ready-or-not-digital-deluxe-edition-pc-steam"
"Ready Or Not";"Edicion estandar - CD Key LATAM (Steam)";"SI";"CD Key Steam";"16736";"61474";"42315";"25579";"60934";"https://driffle.com/es/ready-or-not-latam-pc-steam-digital-code-p9895584";"https://store.steampowered.com/app/1144200/Ready_or_Not/";"driffle";"AR/LATAM";"SI";"Ready or Not (LATAM) (PC) - Steam - Digital Key";"2026-10-03T05:28:00.073Z";"SI";"driffle:16736 | kinguin:19469 | eneba:17852";"19469";"17852";"16736";"";"https://www.kinguin.net/es/category/146495/ready-or-not-latam-pc-steam-cd-key";"https://www.eneba.com/latam/steam-ready-or-not-pc-steam-key-latam";"https://driffle.com/es/ready-or-not-latam-pc-steam-digital-code-p9895584";"https://www.loaded.com/es_es/ready-or-not-pc-steam-latam"
"Ready Or Not";"Edicion estandar - Cuenta Steam";"NO";"Cuenta Steam";"10850";"61474";"34315";"23465";"49414";"https://www.kinguin.net/es/category/133263/ready-or-not-pc-steam-account";"https://store.steampowered.com/app/1144200/Ready_or_Not/";"kinguin";"cuenta";"SI";"Ready Or Not PC Steam Account";"2026-10-03T05:28:09.527Z";"SI";"kinguin:10850 | driffle:10931";"10850";"";"10931";"";"https://www.kinguin.net/es/category/133263/ready-or-not-pc-steam-account";"";"https://driffle.com/es/ready-or-not-global-pc-steam-account-p9943438";""
"Red Dead Redemption 2";"Edicion estandar - Cuenta Steam";"NO";"Cuenta Steam";"15070";"111785";"42070";"27000";"60581";"https://www.kinguin.net/es/category/133287/red-dead-redemption-2-steam-account";"https://store.steampowered.com/app/1174180/Red_Dead_Redemption_2/";"kinguin";"global";"SI";"Red Dead Redemption 2 Steam Account";"2026-10-03T05:30:28.829Z";"SI";"kinguin:15070";"15070";"";"";"";"https://www.kinguin.net/es/category/133287/red-dead-redemption-2-steam-account";"";"";""
"Red Dead Redemption 2";"Ultimate Edition - Cuenta Steam";"NO";"Cuenta Steam";"21862";"186321";"48862";"27000";"70361";"https://www.kinguin.net/es/category/156115/red-dead-redemption-2-ultimate-edition-steam-account";"https://store.steampowered.com/app/1174180/Red_Dead_Redemption_2/";"kinguin";"global";"SI";"Red Dead Redemption 2 Ultimate Edition Steam Account";"2026-10-03T05:30:34.485Z";"SI";"kinguin:21862";"21862";"";"";"";"https://www.kinguin.net/es/category/156115/red-dead-redemption-2-ultimate-edition-steam-account";"";"";""
"RESIDENT EVIL 2";"Deluxe Edition - CD Key LATAM (Steam)";"SI";"CD Key Steam";"12338";"72673";"39338";"27000";"56647";"https://www.eneba.com/latam/steam-resident-evil-2-biohazard-re-2-deluxe-edition-steam-key-latam";"https://store.steampowered.com/app/883710/Resident_Evil_2/?curator_clanid=4777282";"eneba";"AR/LATAM";"SI";"Resident Evil 2 / Biohazard RE:2 (Deluxe Edition) Steam Key LATAM";"2026-10-03T05:31:08.183Z";"SI";"eneba:12338 | kinguin:14052 | driffle:22153";"14052";"12338";"22153";"";"https://www.kinguin.net/es/category/170954/resident-evil-2-biohazard-re-2-deluxe-edition-latam-steam-cd-key";"https://www.eneba.com/latam/steam-resident-evil-2-biohazard-re-2-deluxe-edition-steam-key-latam";"https://driffle.com/es/resident-evil-2-biohazard-re2-deluxe-edition-latam-pc-steam-digital-code-p9887140";""
"RESIDENT EVIL 2";"Edicion estandar - CD Key LATAM (Steam)";"SI";"CD Key Steam";"10446";"54039";"40529";"30083";"58362";"https://www.eneba.com/latam/steam-resident-evil-2-biohazard-re-2-steam-key-latam";"https://store.steampowered.com/app/883710/Resident_Evil_2/?curator_clanid=4777282";"eneba";"AR/LATAM";"SI";"Resident Evil 2 / Biohazard RE:2 Código de Steam LATAM";"2026-10-03T05:30:48.538Z";"SI";"driffle:15717 | kinguin:26389 | eneba:10446";"26389";"10446";"15717";"";"https://www.kinguin.net/es/category/326609/resident-evil-2-biohazard-re-2-latam-pc-steam-cd-key";"https://www.eneba.com/latam/steam-resident-evil-2-biohazard-re-2-steam-key-latam";"https://driffle.com/es/resident-evil-2-biohazard-re-2-latam-pc-steam-digital-code-p9887138";""
"RESIDENT EVIL 2";"Edicion estandar - Cuenta Steam";"NO";"Cuenta Steam";"14731";"54039";"32967";"18236";"47472";"https://www.kinguin.net/es/category/199156/resident-evil-2-steam-account";"https://store.steampowered.com/app/883710/Resident_Evil_2/?curator_clanid=4777282";"kinguin";"cuenta";"SI";"Resident Evil 2 Steam Account";"2026-10-03T05:30:53.762Z";"SI";"kinguin:14731";"14731";"";"";"";"https://www.kinguin.net/es/category/199156/resident-evil-2-steam-account";"";"";""
"Resident Evil 3";"Edicion estandar - CD Key LATAM (Steam)";"SI";"CD Key Steam";"9573";"54039";"39493";"29920";"56870";"https://www.eneba.com/latam/steam-resident-evil-3-steam-key-latam";"https://store.steampowered.com/app/952060/Resident_Evil_3/?curator_clanid=4777282";"eneba";"AR/LATAM";"SI";"Resident Evil 3 Código de Steam LATAM";"2026-10-03T05:31:22.931Z";"SI";"driffle:12807 | eneba:9573";"";"9573";"12807";"";"https://www.kinguin.net/es/category/71701/resident-evil-3-steam-cd-key";"https://www.eneba.com/latam/steam-resident-evil-3-steam-key-latam";"https://driffle.com/es/resident-evil-3-p9879598";""
"Resident Evil 3";"Edicion estandar - Cuenta Steam";"NO";"Cuenta Steam";"11044";"54039";"31493";"20449";"45350";"https://driffle.com/es/resident-evil-3-global-pc-steam-account-p9997169";"https://store.steampowered.com/app/952060/Resident_Evil_3/?curator_clanid=4777282";"driffle";"global";"SI";"Resident Evil 3 (Global) (PC) - Steam Account";"2026-10-03T05:31:31.538Z";"SI";"driffle:11044 | kinguin:14812";"14812";"";"11044";"";"https://www.kinguin.net/es/category/165389/resident-evil-3-steam-account";"";"https://driffle.com/es/resident-evil-3-global-pc-steam-account-p9997169";""
"Resident Evil 4 (2023)";"Edicion estandar - CD Key LATAM (Steam)";"SI";"CD Key Steam";"12047";"54039";"40043";"27996";"57662";"https://www.kinguin.net/es/category/286215/resident-evil-4-2023-latam-pc-steam-cd-key";"https://store.steampowered.com/app/2050650/Resident_Evil_4/";"kinguin";"AR/LATAM";"SI";"Resident Evil 4 (2023) LATAM PC Steam CD Key";"2026-10-03T05:31:45.760Z";"SI";"kinguin:12047 | driffle:22832 | eneba:12128";"12047";"12128";"22832";"";"https://www.kinguin.net/es/category/286215/resident-evil-4-2023-latam-pc-steam-cd-key";"https://www.eneba.com/latam/steam-resident-evil-4-pc-steam-key-latam";"https://driffle.com/es/resident-evil-4-remake-pc-steam-digital-code-p9883809";""
"Resident Evil 4 (2023)";"Edicion estandar - Cuenta Steam";"NO";"Cuenta Steam";"12419";"54039";"32043";"19624";"46142";"https://www.kinguin.net/es/category/151130/resident-evil-4-2023-pc-steam-account";"https://store.steampowered.com/app/2050650/Resident_Evil_4/";"kinguin";"global";"SI";"Resident Evil 4 (2023) PC Steam Account";"2026-10-03T05:31:49.945Z";"SI";"kinguin:12419";"12419";"";"";"";"https://www.kinguin.net/es/category/151130/resident-evil-4-2023-pc-steam-account";"";"";""
"Resident Evil 4 (2023)";"Gold Edition - CD Key LATAM (Steam)";"SI";"CD Key Steam";"16219";"72673";"51219";"35000";"73755";"https://www.eneba.com/latam/steam-resident-evil-4-gold-edition-pc-steam-key-latam";"https://store.steampowered.com/app/2050650/Resident_Evil_4/";"eneba";"AR/LATAM";"SI";"Resident Evil 4 Gold Edition (PC) Steam Key LATAM";"2026-10-03T05:31:58.840Z";"SI";"eneba:16219 | kinguin:28524";"28524";"16219";"";"";"https://www.kinguin.net/es/category/325062/resident-evil-4-2023-gold-edition-latam-pc-steam-cd-key";"https://www.eneba.com/latam/steam-resident-evil-4-gold-edition-pc-steam-key-latam";"";""
"Resident Evil 4 (2023)";"Gold Edition - Cuenta Steam";"NO";"Cuenta Steam";"22735";"72673";"43436";"20701";"62548";"https://www.kinguin.net/es/category/214865/resident-evil-4-2023-gold-edition-pc-steam-account";"https://store.steampowered.com/app/2050650/Resident_Evil_4/";"kinguin";"global";"SI";"Resident Evil 4 (2023) Gold Edition PC Steam Account";"2026-10-03T05:32:03.413Z";"SI";"kinguin:22735";"22735";"";"";"";"https://www.kinguin.net/es/category/214865/resident-evil-4-2023-gold-edition-pc-steam-account";"";"";""
"Resident Evil 7 Gold Edition & Village Gold Edition";"Gold Edition Bundle - CD Key LATAM (Steam)";"SI";"CD Key Steam";"27974";"72673";"53978";"26004";"77728";"https://www.eneba.com/latam/steam-resident-evil-7-gold-edition-village-gold-edition-pc-steam-key-latam";"https://store.steampowered.com/app/1196590/Resident_Evil_Village/?l=spanish";"eneba";"AR/LATAM";"SI";"Resident Evil 7 Gold Edition & Village Gold Edition (PC) Steam Key LATAM";"2026-10-03T05:32:17.147Z";"SI";"eneba:27974";"";"27974";"";"";"https://www.kinguin.net/es/category/154024/resident-evil-7-gold-edition-village-gold-edition-bundle-pc-steam-cd-key";"https://www.eneba.com/latam/steam-resident-evil-7-gold-edition-village-gold-edition-pc-steam-key-latam";"https://driffle.com/es/resident-evil-7-gold-edition-and-village-gold-edition-pc-steam-digital-code-p9905289";""
"Resident Evil 7 Gold Edition & Village Gold Edition";"Gold Edition Bundle - Cuenta Steam";"NO";"Cuenta Steam";"29090";"72673";"45978";"16888";"66208";"https://www.kinguin.net/es/category/159039/resident-evil-7-gold-edition-village-gold-edition-bundle-steam-account";"https://store.steampowered.com/app/1196590/Resident_Evil_Village/?l=spanish";"kinguin";"global";"SI";"Resident Evil 7 Gold Edition & Village Gold Edition Bundle Steam Account";"2026-10-03T05:32:21.730Z";"SI";"kinguin:29090";"29090";"";"";"";"https://www.kinguin.net/es/category/159039/resident-evil-7-gold-edition-village-gold-edition-bundle-steam-account";"";"";""
"Resident Evil 7: Biohazard";"Edicion estandar - CD Key LATAM (Steam)";"SI";"CD Key Steam";"10381";"27951";"40771";"30390";"58710";"https://www.eneba.com/latam/steam-resident-evil-7-biohazard-steam-key-latam";"https://store.steampowered.com/app/418370/Resident_Evil_7_Biohazard/";"eneba";"AR/LATAM";"SI";"Resident Evil 7 - Biohazard Steam Key LATAM";"2026-10-03T05:32:35.653Z";"SI";"driffle:12774 | eneba:10381";"";"10381";"12774";"";"https://www.kinguin.net/es/category/326624/resident-evil-7-biohazard-latam-pc-steam-cd-key";"https://www.eneba.com/latam/steam-resident-evil-7-biohazard-steam-key-latam";"https://driffle.com/es/resident-evil-7-biohazard-steam-cd-key-p935891";""
"Resident Evil 7: Biohazard";"Edicion estandar - Cuenta Steam";"NO";"Cuenta Steam";"17771";"27951";"32771";"15000";"47190";"https://www.kinguin.net/es/category/282608/resident-evil-7-biohazard-pc-steam-account";"https://store.steampowered.com/app/418370/Resident_Evil_7_Biohazard/";"kinguin";"cuenta";"SI";"Resident Evil 7: Biohazard PC Steam Account";"2026-10-03T05:32:40.712Z";"SI";"kinguin:17771";"17771";"";"";"";"https://www.kinguin.net/es/category/282608/resident-evil-7-biohazard-pc-steam-account";"";"";""
"Resident Evil 7: Biohazard";"Gold Edition - CD Key LATAM (Steam)";"SI";"CD Key Steam";"12386";"83853";"39386";"27000";"56716";"https://driffle.com/es/resident-evil-7-biohazard-gold-edition-pc-steam-digital-code-p9879852";"https://store.steampowered.com/app/418370/Resident_Evil_7_Biohazard/";"driffle";"global";"SI";"Resident Evil 7 Biohazard Gold Edition (Global) (PC) - Steam - Digital Key";"2026-10-03T05:32:54.589Z";"SI";"driffle:12386 | eneba:14537";"";"14537";"12386";"";"https://www.kinguin.net/es/category/326593/resident-evil-7-biohazard-gold-edition-latam-pc-steam-cd-key";"https://www.eneba.com/latam/steam-resident-evil-7-biohazard-gold-edition-steam-key-latam";"https://driffle.com/es/resident-evil-7-biohazard-gold-edition-pc-steam-digital-code-p9879852";""
"Resident Evil Requiem";"Deluxe Edition - CD Key LATAM (Steam)";"SI";"CD Key Steam";"68157";"111785";"83839";"15682";"120728";"https://www.kinguin.net/es/category/428464/resident-evil-requiem-deluxe-edition-latam-pc-steam-cd-key";"https://store.steampowered.com/app/3764200/Resident_Evil_Requiem/";"kinguin";"AR/LATAM";"SI";"Resident Evil Requiem Deluxe Edition LATAM PC Steam CD Key";"2026-10-03T05:36:29.063Z";"SI";"kinguin:68157 | eneba:72781 | driffle:74220";"68157";"72781";"74220";"";"https://www.kinguin.net/es/category/428464/resident-evil-requiem-deluxe-edition-latam-pc-steam-cd-key";"https://www.eneba.com/latam/steam-resident-evil-requiem-deluxe-edition-steam-key-pc-latam";"https://driffle.com/es/resident-evil-requiem-deluxe-edition-latam-pc-steam-digital-key-p9977705";"https://www.loaded.com/es_es/resident-evil-requiem-deluxe-edition-pc-latam-steam"
"Resident Evil Requiem";"Deluxe Edition - Cuenta Steam";"NO";"Cuenta Steam";"70938";"111785";"85938";"15000";"123751";"https://www.kinguin.net/es/category/406014/resident-evil-requiem-deluxe-edition-pc-steam-account";"https://store.steampowered.com/app/3764200/Resident_Evil_Requiem/";"kinguin";"global";"SI";"Resident Evil Requiem Deluxe Edition PC Steam Account";"2026-10-03T05:36:33.596Z";"SI";"kinguin:70938";"70938";"";"";"";"https://www.kinguin.net/es/category/406014/resident-evil-requiem-deluxe-edition-pc-steam-account";"";"";""
"Resident Evil Requiem";"Edicion estandar - CD Key LATAM (Steam)";"SI";"CD Key Steam";"61155";"98760";"76155";"15000";"109663";"https://www.kinguin.net/es/category/428086/resident-evil-requiem-latam-pc-steam-cd-key";"https://store.steampowered.com/app/3764200/Resident_Evil_Requiem/";"kinguin";"AR/LATAM";"SI";"Resident Evil Requiem LATAM PC Steam CD Key";"2026-10-03T05:34:18.065Z";"SI";"kinguin:61155 | eneba:61931 | driffle:69385";"61155";"61931";"69385";"";"https://www.kinguin.net/es/category/428086/resident-evil-requiem-latam-pc-steam-cd-key";"https://www.eneba.com/latam/steam-resident-evil-requiem-steam-key-pc-latam";"https://driffle.com/es/resident-evil-requiem-latam-pc-steam-digital-key-p9977704";"https://www.loaded.com/es_es/resident-evil-requiem-pc-latam-steam"
"Resident Evil Requiem";"Edicion estandar - Cuenta Steam";"NO";"Cuenta Steam";"50337";"98760";"65337";"15000";"94085";"https://www.kinguin.net/es/category/405998/resident-evil-requiem-pc-steam-account";"https://store.steampowered.com/app/3764200/Resident_Evil_Requiem/";"kinguin";"global";"SI";"Resident Evil Requiem PC Steam Account";"2026-10-03T05:34:22.737Z";"SI";"kinguin:50337";"50337";"";"";"";"https://www.kinguin.net/es/category/405998/resident-evil-requiem-pc-steam-account";"";"";""
"Resident Evil Village";"Edicion estandar - CD Key LATAM (Steam)";"SI";"CD Key Steam";"13647";"54039";"40529";"26882";"58362";"https://www.eneba.com/latam/steam-resident-evil-village-resident-evil-8-steam-key-latam";"https://store.steampowered.com/app/1196590/Resident_Evil_Village/?l=spanish";"eneba";"AR/LATAM";"SI";"Resident Evil Village / Resident Evil 8 Código de Steam LATAM";"2026-10-03T05:38:39.300Z";"SI";"driffle:26422 | eneba:13647";"";"13647";"26422";"";"https://www.kinguin.net/es/category/85671/resident-evil-village-steam-cd-key";"https://www.eneba.com/latam/steam-resident-evil-village-resident-evil-8-steam-key-latam";"https://driffle.com/es/resident-evil-village-resident-evil-8-latam-pc-steam-digital-key-p9931713";"https://www.loaded.com/es_es/resident-evil-village-pc-steam-ww"
"Resident Evil Village";"Edicion estandar - Cuenta Steam";"NO";"Cuenta Steam";"14327";"54039";"32806";"18479";"47241";"https://www.kinguin.net/es/category/159606/resident-evil-village-steam-account";"https://store.steampowered.com/app/1196590/Resident_Evil_Village/?l=spanish";"kinguin";"global";"SI";"Resident Evil Village Steam Account";"2026-10-03T05:38:45.571Z";"SI";"kinguin:14327";"14327";"";"";"";"https://www.kinguin.net/es/category/159606/resident-evil-village-steam-account";"";"";""
"Resident Evil Village";"Gold Edition - CD Key LATAM (Steam)";"SI";"CD Key Steam";"21652";"72673";"51436";"29784";"74068";"https://www.eneba.com/latam/steam-resident-evil-village-resident-evil-8-gold-edition-pc-steam-key-latam";"https://store.steampowered.com/app/1196590/Resident_Evil_Village/?l=spanish";"eneba";"AR/LATAM";"SI";"Resident Evil Village / Resident Evil 8 Gold Edition (PC) Steam Key LATAM";"2026-10-03T05:40:50.706Z";"SI";"eneba:21652 | kinguin:26778 | driffle:29057";"26778";"21652";"29057";"";"https://www.kinguin.net/es/category/326599/resident-evil-village-gold-edition-latam-pc-steam-cd-key";"https://www.eneba.com/latam/steam-resident-evil-village-resident-evil-8-gold-edition-pc-steam-key-latam";"https://driffle.com/es/resident-evil-village-resident-evil-8-gold-edition-latam-pc-steam-digital-key-p9978713";"https://www.loaded.com/es_es/resident-evil-village-gold-edition-pc-steam"
"Resident Evil Village";"Gold Edition - Cuenta Steam";"NO";"Cuenta Steam";"22735";"72673";"43436";"20701";"62548";"https://www.kinguin.net/es/category/159038/resident-evil-village-gold-edition-steam-account";"https://store.steampowered.com/app/1196590/Resident_Evil_Village/?l=spanish";"kinguin";"global";"SI";"Resident Evil: Village Gold Edition Steam Account";"2026-10-03T05:40:56.052Z";"SI";"kinguin:22735";"22735";"";"";"";"https://www.kinguin.net/es/category/159038/resident-evil-village-gold-edition-steam-account";"";"";""
"Resident Evil: Raccoon City Edition (Resident Evil 2, Resident Evil 3, RESIDENT EVIL RESISTANCE)";"Edicion estandar - CD Key LATAM (Steam)";"SI";"CD Key Steam";"12920";"54039";"35485";"22565";"51098";"https://driffle.com/es/resident-evil-raccoon-city-edition-global-pc-steam-digital-key-p9960425";"https://store.steampowered.com/app/883710/Resident_Evil_2/?curator_clanid=4777282";"driffle";"global";"SI";"Resident Evil Raccoon City Edition (Global) (PC) - Steam - Digital Key";"2026-10-03T05:41:10.286Z";"SI";"driffle:12920 | eneba:13082";"";"13082";"12920";"";"https://www.kinguin.net/es/category/80572/resident-evil-raccoon-city-edition-pc-steam-cd-key";"https://www.eneba.com/latam/steam-resident-evil-raccoon-city-edition-pc-steam-key-global";"https://driffle.com/es/resident-evil-raccoon-city-edition-global-pc-steam-digital-key-p9960425";""
"Sea of Thieves";"Deluxe Edition - Cuenta Steam";"NO";"Cuenta Steam";"18175";"55883";"35064";"16889";"50492";"https://driffle.com/es/sea-of-thieves-2026-deluxe-edition-global-pc-steam-account-p9992475";"https://store.steampowered.com/app/1172620/Sea_of_Thieves_2026_Edition/";"driffle";"AR/LATAM";"SI";"Sea of Thieves 2026 Deluxe Edition (Global) (PC) - Steam Account";"2026-10-03T05:41:29.759Z";"SI";"driffle:18175 | kinguin:22218";"22218";"";"18175";"";"https://www.kinguin.net/es/category/491052/sea-of-thieves-2026-deluxe-edition-pc-steam-account";"";"https://driffle.com/es/sea-of-thieves-2026-deluxe-edition-global-pc-steam-account-p9992475";""
"Sea of Thieves";"Premium Edition - Cuenta Steam";"NO";"Cuenta Steam";"21280";"67064";"40667";"19387";"58560";"https://driffle.com/es/sea-of-thieves-2026-premium-edition-global-pc-steam-account-p9992476";"https://store.steampowered.com/app/1172620/Sea_of_Thieves_2026_Edition/";"driffle";"AR/LATAM";"SI";"Sea of Thieves 2026 Premium Edition (Global) (PC) - Steam Account";"2026-10-03T05:41:40.345Z";"SI";"driffle:21280 | kinguin:26486";"26486";"";"21280";"";"https://www.kinguin.net/es/category/491059/sea-of-thieves-2026-premium-edition-pc-steam-account";"";"https://driffle.com/es/sea-of-thieves-2026-premium-edition-global-pc-steam-account-p9992476";""
"SILENT HILL 2";"Edicion estandar - CD Key LATAM (Steam)";"SI";"CD Key Steam";"32987";"61474";"51443";"18456";"74078";"https://www.kinguin.net/es/category/278941/silent-hill-2-latam-pc-steam-cd-key";"https://store.steampowered.com/app/2124490/SILENT_HILL_2/";"kinguin";"AR/LATAM";"SI";"SILENT HILL 2 LATAM PC Steam CD Key";"2026-10-03T05:43:45.976Z";"SI";"kinguin:32987 | driffle:43578 | eneba:40926";"32987";"40926";"43578";"";"https://www.kinguin.net/es/category/278941/silent-hill-2-latam-pc-steam-cd-key";"https://www.eneba.com/latam/steam-silent-hill-2-pc-steam-key-global";"https://driffle.com/es/silent-hill-2-pc-steam-digital-key-p9908068";"https://www.loaded.com/es_es/silent-hill-2-pc-steam"
"SILENT HILL 2";"Edicion estandar - Cuenta Steam";"NO";"Cuenta Steam";"28443";"61474";"43443";"15000";"62558";"https://driffle.com/es/silent-hill-2-global-pc-steam-account-p9962323";"https://store.steampowered.com/app/2124490/SILENT_HILL_2/";"driffle";"AR/LATAM";"SI";"Silent Hill 2 (Global) (PC) - Steam Account";"2026-10-03T05:43:55.768Z";"SI";"driffle:28443 | kinguin:58503";"58503";"";"28443";"";"https://www.kinguin.net/es/category/272532/silent-hill-2-pc-steam-account";"";"https://driffle.com/es/silent-hill-2-global-pc-steam-account-p9962323";""
"SILENT HILL f";"Deluxe Edition - Cuenta Steam";"NO";"Cuenta Steam";"29446";"68927";"44660";"15214";"64310";"https://www.kinguin.net/es/category/347325/silent-hill-f-deluxe-edition-pc-steam-account";"https://store.steampowered.com/app/2947440/SILENT_HILL_f/";"kinguin";"cuenta";"SI";"SILENT HILL f Deluxe Edition PC Steam Account";"2026-10-03T05:46:55.855Z";"SI";"kinguin:29446";"29446";"";"";"";"https://www.kinguin.net/es/category/347325/silent-hill-f-deluxe-edition-pc-steam-account";"";"https://driffle.com/es/silent-hill-f-digital-deluxe-edition-global-pc-steam-account-p9979491";""
"SILENT HILL f";"Edicion estandar - CD Key LATAM (Steam)";"SI";"CD Key Steam";"44047";"61474";"60846";"16799";"87618";"https://www.eneba.com/latam/steam-silent-hill-f-steam-key-pc-latam";"https://store.steampowered.com/app/2947440/SILENT_HILL_f/";"eneba";"AR/LATAM";"SI";"SILENT HILL f Steam Key (PC) LATAM";"2026-10-03T05:46:19.913Z";"SI";"eneba:44047 | driffle:44209 | kinguin:48348";"48348";"44047";"44209";"";"https://www.kinguin.net/es/category/392619/silent-hill-f-latam-pc-steam-cd-key";"https://www.eneba.com/latam/steam-silent-hill-f-steam-key-pc-latam";"https://driffle.com/es/silent-hill-f-latam-pc-steam-digital-key-p9963231";""
"SILENT HILL f";"Edicion estandar - Cuenta Steam";"NO";"Cuenta Steam";"20018";"61474";"37982";"17964";"54694";"https://driffle.com/es/silent-hill-f-global-pc-steam-account-p9964460";"https://store.steampowered.com/app/2947440/SILENT_HILL_f/";"driffle";"AR/LATAM";"SI";"SILENT HILL f (Global) (PC) - Steam Account";"2026-10-03T05:46:32.560Z";"SI";"driffle:20018 | kinguin:28815";"28815";"";"20018";"";"https://www.kinguin.net/es/category/347319/silent-hill-f-pc-steam-account";"";"https://driffle.com/es/silent-hill-f-global-pc-steam-account-p9964460";""
"SILENT HILL: Townfall";"Deluxe Edition - CD Key LATAM (Steam)";"SI";"CD Key Steam";"72959";"95015";"87959";"15000";"126661";"https://www.eneba.com/latam/steam-silent-hill-townfall-deluxe-edition-steam-key-pc-global";"https://store.steampowered.com/app/1636440/SILENT_HILL_Townfall/";"eneba";"AR/LATAM";"SI";"SILENT HILL: Townfall Deluxe Edition Steam Key (PC) GLOBAL";"2026-10-03T05:50:53.690Z";"SI";"eneba:72959";"";"72959";"";"";"";"https://www.eneba.com/latam/steam-silent-hill-townfall-deluxe-edition-steam-key-pc-global";"";"https://www.loaded.com/es_es/silent-hill-townfall-deluxe-edition-pc-steam"
"Split Fiction";"Edicion estandar - CD Key LATAM (Steam)";"SI";"CD Key Steam";"68771";"93151";"86775";"18004";"124956";"https://www.eneba.com/latam/steam-split-fiction-steam-key-pc-global";"https://store.steampowered.com/app/2001120/Split_Fiction/?curator_clanid=4777282";"eneba";"global";"SI";"Split Fiction Steam Key (PC) GLOBAL";"2026-10-03T05:51:10.273Z";"SI";"eneba:68771 | driffle:69547";"";"68771";"69547";"";"https://www.kinguin.net/es/category/321035/split-fiction-pc-steam-cd-key";"https://www.eneba.com/latam/steam-split-fiction-steam-key-pc-global";"https://driffle.com/es/split-fiction-global-pc-steam-digital-key-p9929426";""
"Split Fiction";"Edicion estandar - Cuenta Steam";"NO";"Cuenta Steam";"28944";"93151";"53906";"24962";"77625";"https://www.kinguin.net/es/category/305795/split-fiction-pc-steam-account";"https://store.steampowered.com/app/2001120/Split_Fiction/?curator_clanid=4777282";"kinguin";"cuenta";"SI";"Split Fiction PC Steam Account";"2026-10-03T05:51:19.197Z";"SI";"kinguin:28944 | driffle:31240";"28944";"";"31240";"";"https://www.kinguin.net/es/category/305795/split-fiction-pc-steam-account";"";"https://driffle.com/es/split-fiction-global-pc-steam-account-p9945656";""
"STAR WARS Jedi: Survivor";"Deluxe Edition - Cuenta Steam";"NO";"Cuenta Steam";"29720";"167687";"56720";"27000";"81677";"https://www.kinguin.net/es/category/160069/star-wars-jedi-survivor-deluxe-edition-steam-account";"https://store.steampowered.com/app/1774580/STAR_WARS_Jedi_Survivor/?curator_clanid=4777282";"kinguin";"global";"SI";"STAR WARS Jedi: Survivor Deluxe Edition Steam Account";"2026-10-03T05:51:48.171Z";"SI";"kinguin:29720";"29720";"";"";"";"https://www.kinguin.net/es/category/160069/star-wars-jedi-survivor-deluxe-edition-steam-account";"";"";""
"STAR WARS Jedi: Survivor";"Edicion estandar - Cuenta Steam";"NO";"Cuenta Steam";"9896";"130419";"36896";"27000";"53130";"https://www.kinguin.net/es/category/158455/star-wars-jedi-survivor-steam-account";"https://store.steampowered.com/app/1774580/STAR_WARS_Jedi_Survivor/?curator_clanid=4777282";"kinguin";"cuenta";"SI";"STAR WARS Jedi: Survivor Steam Account";"2026-10-03T05:51:32.789Z";"SI";"driffle:10834 | kinguin:9896";"9896";"";"10834";"";"https://www.kinguin.net/es/category/158455/star-wars-jedi-survivor-steam-account";"";"https://driffle.com/es/star-wars-jedi-survivor-global-pc-steam-account-p9971599";""
"Stellar Blade";"Complete Edition - CD Key LATAM (Steam)";"SI";"CD Key Steam";"68189";"130419";"97814";"29625";"140852";"https://www.eneba.com/latam/steam-stellar-blade-complete-edition-steam-key-pc-latam";"https://store.steampowered.com/app/3489700/Stellar_Blade/";"eneba";"AR/LATAM";"SI";"Stellar Blade Complete Edition Código de Steam (PC) LATAM";"2026-10-03T05:56:04.742Z";"SI";"driffle:68997 | kinguin:75530 | eneba:68189";"75530";"68189";"68997";"";"https://www.kinguin.net/es/category/346620/stellar-blade-complete-edition-latam-pc-steam-cd-key";"https://www.eneba.com/latam/steam-stellar-blade-complete-edition-steam-key-pc-latam";"https://driffle.com/es/stellar-blade-complete-edition-latam-pc-steam-digital-key-p9938572";"https://www.loaded.com/es_es/stellar-blade-complete-edition-pc-steam"
"Stellar Blade";"Edicion estandar - CD Key LATAM (Steam)";"SI";"CD Key Steam";"42171";"111785";"77171";"35000";"111126";"https://www.eneba.com/latam/steam-stellar-blade-steam-key-pc-latam";"https://store.steampowered.com/app/3489700/Stellar_Blade/";"eneba";"AR/LATAM";"SI";"Stellar Blade Código de Steam (PC) LATAM";"2026-10-03T05:53:54.010Z";"SI";"driffle:43853 | kinguin:57727 | eneba:42171";"57727";"42171";"43853";"";"https://www.kinguin.net/es/category/346615/stellar-blade-latam-pc-steam-cd-key";"https://www.eneba.com/latam/steam-stellar-blade-steam-key-pc-latam";"https://driffle.com/es/stellar-blade-latam-pc-steam-digital-key-p9938571";"https://www.loaded.com/es_es/stellar-blade-pc-steam"
"Stellar Blade";"Edicion estandar - Cuenta Steam";"NO";"Cuenta Steam";"49270";"111785";"69304";"20034";"99798";"https://driffle.com/es/stellar-blade-global-pc-steam-account-p9979470";"https://store.steampowered.com/app/3489700/Stellar_Blade/";"driffle";"AR/LATAM";"SI";"Stellar Blade (Global) (PC) - Steam Account";"2026-10-03T05:53:58.617Z";"SI";"driffle:49270";"";"";"49270";"";"";"";"https://driffle.com/es/stellar-blade-global-pc-steam-account-p9979470";""
"Street Fighter 6";"6 Years 1-2 Fighters Edition - Cuenta Steam";"NO";"Cuenta Steam";"62675";"83853";"77675";"15000";"111852";"https://www.kinguin.net/es/category/437624/street-fighter-6-years-1-2-fighters-edition-pc-steam-account";"https://store.steampowered.com/app/1364780/Street_Fighter_6/";"kinguin";"cuenta";"SI";"Street Fighter 6 Years 1-2 Fighters Edition PC Steam Account";"2026-10-03T05:56:47.340Z";"SI";"kinguin:62675";"62675";"";"";"";"https://www.kinguin.net/es/category/437624/street-fighter-6-years-1-2-fighters-edition-pc-steam-account";"";"";""
"Street Fighter 6";"Edicion estandar - CD Key LATAM (Steam)";"SI";"CD Key Steam";"29995";"55883";"44995";"15000";"64793";"https://www.eneba.com/latam/steam-street-fighter-6-pc-steam-key-latam";"https://store.steampowered.com/app/1364780/Street_Fighter_6/";"eneba";"AR/LATAM";"SI";"Street Fighter 6 (PC) Código de Steam LATAM";"2026-10-03T05:56:24.081Z";"SI";"eneba:29995";"";"29995";"";"";"https://www.kinguin.net/es/category/164647/street-fighter-6-pc-steam-cd-key";"https://www.eneba.com/latam/steam-street-fighter-6-pc-steam-key-latam";"";""
"Street Fighter 6";"Edicion estandar - Cuenta Steam";"NO";"Cuenta Steam";"21830";"55883";"36830";"15000";"53035";"https://www.kinguin.net/es/category/153297/street-fighter-6-steam-account";"https://store.steampowered.com/app/1364780/Street_Fighter_6/";"kinguin";"cuenta";"SI";"Street Fighter 6 Steam Account";"2026-10-03T05:56:28.762Z";"SI";"kinguin:21830";"21830";"";"";"";"https://www.kinguin.net/es/category/153297/street-fighter-6-steam-account";"";"";""
"TEKKEN 8";"Edicion estandar - CD Key LATAM (Steam)";"SI";"CD Key Steam";"35994";"59610";"53658";"17664";"77268";"https://www.eneba.com/latam/steam-tekken-8-pc-steam-key-global";"https://store.steampowered.com/app/1778820/TEKKEN_8/?curator_clanid=4777282";"eneba";"global";"SI";"TEKKEN 8 (PC) Código de Steam GLOBAL";"2026-10-03T05:59:06.407Z";"SI";"driffle:37417 | eneba:35994";"";"35994";"37417";"";"https://www.kinguin.net/es/category/296523/tekken-8-pc-steam-cd-key";"https://www.eneba.com/latam/steam-tekken-8-pc-steam-key-global";"https://driffle.com/es/tekken-8-pc-steam-digital-code-p9888257";"https://www.loaded.com/es_es/tekken-8-pc-steam"
"The Elder Scrolls V: Skyrim Special Edition";"Edicion estandar - CD Key LATAM (Steam)";"SI";"CD Key Steam";"15151";"44703";"32805";"17654";"47239";"https://www.kinguin.net/es/category/301555/the-elder-scrolls-v-skyrim-special-edition-latam-ru-cis-tr-pc-steam-cd-key";"https://store.steampowered.com/app/489830/The_Elder_Scrolls_V_Skyrim_Special_Edition/";"kinguin";"AR/LATAM";"SI";"The Elder Scrolls V: Skyrim Special Edition LATAM/RU/CIS/TR PC Steam CD Key";"2026-10-03T06:01:21.064Z";"SI";"driffle:18450 | kinguin:15151 | eneba:15572";"15151";"15572";"18450";"";"https://www.kinguin.net/es/category/301555/the-elder-scrolls-v-skyrim-special-edition-latam-ru-cis-tr-pc-steam-cd-key";"https://www.eneba.com/latam/steam-the-elder-scrolls-v-skyrim-special-edition-steam-key-latam";"https://driffle.com/es/the-elder-scrolls-v-skyrim-special-edition-latam-pc-steam-digital-key-p9981028";"https://www.loaded.com/es_es/the-elder-scrolls-v-5-skyrim-special-edition-pc-steam-cd-key"
"The Elder Scrolls V: Skyrim Special Edition";"Edicion estandar - Cuenta Steam";"NO";"Cuenta Steam";"3428";"44703";"24805";"21377";"35719";"https://driffle.com/es/the-elder-scrolls-v-skyrim-special-edition-global-pc-steam-account-p9997153";"https://store.steampowered.com/app/489830/The_Elder_Scrolls_V_Skyrim_Special_Edition/";"driffle";"global";"SI";"The Elder Scrolls V Skyrim Special Edition (Global) (PC) - Steam Account";"2026-10-03T06:01:29.666Z";"SI";"driffle:3428 | kinguin:16186";"16186";"";"3428";"";"https://www.kinguin.net/es/category/206801/the-elder-scrolls-v-skyrim-special-edition-pc-steam-account";"";"https://driffle.com/es/the-elder-scrolls-v-skyrim-special-edition-global-pc-steam-account-p9997153";""
"The Last of Us Part 1";"Edicion estandar - CD Key LATAM (Steam)";"SI";"CD Key Steam";"35202";"111785";"70202";"35000";"101091";"https://www.kinguin.net/es/category/160275/the-last-of-us-part-1-latam-steam-cd-key";"https://store.steampowered.com/app/1888930/The_Last_of_Us_Parte_I/";"kinguin";"AR/LATAM";"SI";"The Last of Us Part 1 LATAM Steam CD Key";"2026-10-03T06:03:35.380Z";"SI";"kinguin:35202";"35202";"";"";"";"https://www.kinguin.net/es/category/160275/the-last-of-us-part-1-latam-steam-cd-key";"https://www.eneba.com/latam/steam-the-last-of-us-part-i-pc-steam-key-latam";"https://driffle.com/es/the-last-of-us-part-i-latam-pc-steam-digital-key-p9975836";"https://www.loaded.com/es_es/the-last-of-us-part-i-pc-steam"
"The Last of Us Part 1";"Edicion estandar - Cuenta Steam";"NO";"Cuenta Steam";"34022";"111785";"61022";"27000";"87872";"https://www.kinguin.net/es/category/150724/the-last-of-us-part-1-steam-account";"https://store.steampowered.com/app/1888930/The_Last_of_Us_Parte_I/";"kinguin";"cuenta";"SI";"The Last of Us Part 1 Steam Account";"2026-10-03T06:03:39.966Z";"SI";"kinguin:34022";"34022";"";"";"";"https://www.kinguin.net/es/category/150724/the-last-of-us-part-1-steam-account";"";"";""
"The Last of Us Part 2 Remastered";"Edicion estandar - CD Key LATAM (Steam)";"SI";"CD Key Steam";"38371";"74517";"55888";"17517";"80479";"https://www.kinguin.net/es/category/326607/the-last-of-us-part-2-remastered-latam-pc-steam-cd-key";"https://store.steampowered.com/app/2531310/The_Last_of_Us_Parte_II_Remastered/";"kinguin";"AR/LATAM";"SI";"The Last of Us Part 2 Remastered LATAM PC Steam CD Key";"2026-10-03T06:07:47.466Z";"SI";"kinguin:38371";"38371";"";"";"";"https://www.kinguin.net/es/category/326607/the-last-of-us-part-2-remastered-latam-pc-steam-cd-key";"https://www.eneba.com/latam/steam-the-last-of-ustm-part-ii-remastered-pc-steam-key-latam";"https://driffle.com/es/the-last-of-us-part-ii-remastered-latam-pc-steam-digital-key-p9934842";"https://www.loaded.com/es_es/the-last-of-us-part-ii-remastered-pc-steam"
"The Last of Us Part 2 Remastered";"Edicion estandar - Cuenta Steam";"NO";"Cuenta Steam";"46440";"74517";"61440";"15000";"88474";"https://www.kinguin.net/es/category/321634/the-last-of-us-part-2-remastered-pc-steam-account";"https://store.steampowered.com/app/2531310/The_Last_of_Us_Parte_II_Remastered/";"kinguin";"cuenta";"SI";"The Last of Us Part 2 Remastered PC Steam Account";"2026-10-03T06:07:51.783Z";"SI";"kinguin:46440";"46440";"";"";"";"https://www.kinguin.net/es/category/321634/the-last-of-us-part-2-remastered-pc-steam-account";"";"";""
"The Witcher 3: Wild Hunt";"Edicion estandar - Cuenta Steam";"NO";"Cuenta Steam";"16639";"65200";"38084";"21445";"54841";"https://www.kinguin.net/es/category/150064/the-witcher-3-wild-hunt-steam-account";"https://store.steampowered.com/app/292030/The_Witcher_3_Wild_Hunt/";"kinguin";"cuenta";"SI";"The Witcher 3: Wild Hunt | Edicion estandar | Cuenta";"2026-10-03T06:08:07.230Z";"SI";"kinguin:16639";"16639";"";"";"";"https://www.kinguin.net/es/category/150064/the-witcher-3-wild-hunt-steam-account";"";"";""
"UNCHARTED™: Legacy of Thieves Collection";"Edicion estandar - CD Key LATAM (Steam)";"SI";"CD Key Steam";"19711";"93151";"46711";"27000";"67264";"https://driffle.com/es/uncharted-legacy-of-thieves-collection-latam-pc-steam-digital-key-p9975841";"https://store.steampowered.com/app/1659420/UNCHARTED_Coleccin_Legado_de_los_Ladrones/?curator_clanid=4777282";"driffle";"AR/LATAM";"SI";"UNCHARTED Legacy of Thieves Collection (LATAM) (PC) - Steam - Digital Key";"2026-10-03T06:10:29.422Z";"SI";"driffle:19711 | eneba:19954";"";"19954";"19711";"";"https://www.kinguin.net/es/category/119860/uncharted-legacy-of-thieves-collection-steam-cd-key";"https://www.eneba.com/latam/steam-uncharted-legacy-of-thieves-collection-pc-steam-key-latam";"https://driffle.com/es/uncharted-legacy-of-thieves-collection-latam-pc-steam-digital-key-p9975841";"https://www.loaded.com/es_es/uncharted-legacy-of-thieves-collection-pc-steam"
"Until Dawn";"Edicion estandar - CD Key LATAM (Steam)";"SI";"CD Key Steam";"43077";"111785";"77369";"34292";"111411";"https://www.eneba.com/latam/steam-until-dawn-pc-steam-key-latam";"https://store.steampowered.com/app/2172010/Until_Dawn/?curator_clanid=4777282";"eneba";"AR/LATAM";"SI";"Until Dawn (PC) Código de Steam LATAM";"2026-10-03T06:10:43.835Z";"SI";"kinguin:53183 | driffle:53523 | eneba:43077";"53183";"43077";"53523";"";"https://www.kinguin.net/es/category/375444/until-dawn-latam-pc-steam-cd-key";"https://www.eneba.com/latam/steam-until-dawn-pc-steam-key-latam";"https://driffle.com/es/until-dawn-global-pc-steam-digital-key-p9918074";""
"Until Dawn";"Edicion estandar - Cuenta Steam";"NO";"Cuenta Steam";"44112";"111785";"67241";"23129";"96827";"https://www.kinguin.net/es/category/272529/until-dawn-pc-steam-account";"https://store.steampowered.com/app/2172010/Until_Dawn/?curator_clanid=4777282";"kinguin";"global";"SI";"Until Dawn PC Steam Account";"2026-10-03T06:10:48.285Z";"SI";"kinguin:44112";"44112";"";"";"";"https://www.kinguin.net/es/category/272529/until-dawn-pc-steam-account";"";"";""
"WWE 2K25";"Bloodline Edition - Cuenta Steam";"NO";"Cuenta Steam";"135214";"242223";"154553";"19339";"222556";"https://www.kinguin.net/es/category/319995/wwe-2k25-bloodline-edition-pc-steam-account";"https://store.steampowered.com/app/2878960/WWE_2K25/";"kinguin";"global";"SI";"WWE 2K25 Bloodline Edition PC Steam Account";"2026-10-03T06:11:25.971Z";"SI";"kinguin:135214";"135214";"";"";"";"https://www.kinguin.net/es/category/319995/wwe-2k25-bloodline-edition-pc-steam-account";"https://www.eneba.com/latam/steam-wwe-2k25-the-bloodline-edition-steam-key-pc-global";"";""
"WWE 2K25";"Edicion estandar - CD Key LATAM (Steam)";"SI";"CD Key Steam";"30901";"111785";"65901";"35000";"94897";"https://driffle.com/es/wwe-2k25-global-pc-steam-digital-key-p9930153";"https://store.steampowered.com/app/2878960/WWE_2K25/";"driffle";"global";"SI";"WWE 2K25 (Global) (PC) - Steam - Digital Key";"2026-10-03T06:11:02.597Z";"SI";"driffle:30901 | kinguin:32275 | eneba:31532";"32275";"31532";"30901";"";"https://www.kinguin.net/es/category/315139/wwe-2k25-pc-steam-cd-key";"https://www.eneba.com/latam/steam-wwe-2k25-steam-key-pc-global";"https://driffle.com/es/wwe-2k25-global-pc-steam-digital-key-p9930153";""
"WWE 2K25";"Edicion estandar - Cuenta Steam";"NO";"Cuenta Steam";"48850";"111785";"69136";"20286";"99556";"https://www.kinguin.net/es/category/314612/wwe-2k25-pc-steam-account";"https://store.steampowered.com/app/2878960/WWE_2K25/";"kinguin";"global";"SI";"WWE 2K25 PC Steam Account";"2026-10-03T06:11:07.212Z";"SI";"kinguin:48850";"48850";"";"";"";"https://www.kinguin.net/es/category/314612/wwe-2k25-pc-steam-account";"";"";""
"WWE 2K26";"Attitude Era Edition - CD Key (Steam)";"SI";"CD Key Steam";"84407";"242223";"119407";"35000";"171946";"https://www.kinguin.net/es/category/476565/wwe-2k26-attitude-era-edition-pc-steam-cd-key";"https://store.steampowered.com/app/3717070/WWE_2K26/";"kinguin";"cuenta";"SI";"WWE 2k26 Attitude Era Edition PC Steam CD Key";"2026-10-03T06:11:49.629Z";"SI";"kinguin:84407";"84407";"";"";"";"https://www.kinguin.net/es/category/476565/wwe-2k26-attitude-era-edition-pc-steam-cd-key";"";"";""
"WWE 2K26";"Attitude Era Edition - Cuenta Steam";"NO";"Cuenta Steam";"77713";"242223";"104713";"27000";"150787";"https://www.kinguin.net/es/category/476568/wwe-2k26-attitude-era-edition-pc-steam-account";"https://store.steampowered.com/app/3717070/WWE_2K26/";"kinguin";"global";"SI";"WWE 2k26 Attitude Era Edition PC Steam Account";"2026-10-03T06:11:54.077Z";"SI";"kinguin:77713";"77713";"";"";"";"https://www.kinguin.net/es/category/476568/wwe-2k26-attitude-era-edition-pc-steam-account";"";"";""
"WWE 2K26";"Edicion estandar - CD Key LATAM (Steam)";"SI";"CD Key Steam";"35509";"130419";"70509";"35000";"101533";"https://www.eneba.com/latam/steam-wwe-2k26-steam-key-pc-global";"https://store.steampowered.com/app/3717070/WWE_2K26/";"eneba";"global";"SI";"WWE 2K26 Steam Key (PC) GLOBAL";"2026-10-03T06:11:35.310Z";"SI";"eneba:35509 | kinguin:38501";"38501";"35509";"";"";"https://www.kinguin.net/es/category/549111/wwe-2k26-pc-steam-cd-key";"https://www.eneba.com/latam/steam-wwe-2k26-steam-key-pc-global";"";""
"WWE 2K26";"Edicion estandar - Cuenta Steam";"NO";"Cuenta Steam";"34523";"130419";"61523";"27000";"88593";"https://www.kinguin.net/es/category/464749/wwe-2k26-pc-steam-account";"https://store.steampowered.com/app/3717070/WWE_2K26/";"kinguin";"cuenta";"SI";"WWE 2k26 PC Steam Account";"2026-10-03T06:11:40.460Z";"SI";"kinguin:34523";"34523";"";"";"";"https://www.kinguin.net/es/category/464749/wwe-2k26-pc-steam-account";"";"";""
"WWE 2K26";"King of Kings Edition - Cuenta Steam";"NO";"Cuenta Steam";"59441";"186321";"86441";"27000";"124475";"https://www.kinguin.net/es/category/476574/wwe-2k26-king-of-kings-edition-pc-steam-account";"https://store.steampowered.com/app/3717070/WWE_2K26/";"kinguin";"global";"SI";"WWE 2K26 King of Kings Edition PC Steam Account";"2026-10-03T06:11:45.483Z";"SI";"kinguin:59441";"59441";"";"";"";"https://www.kinguin.net/es/category/476574/wwe-2k26-king-of-kings-edition-pc-steam-account";"";"";""